page_tag	scan_file	scan_pdf_page	osd_rot
p000a_cover	scan0064.pdf	20	180
p000b_applicable_models	scan0064.pdf	19	180
p000c_contents1	scan0064.pdf	18	180
p000d_contents2	scan0064.pdf	17	180
p000e_contents3	scan0064.pdf	16	180
p000f_contents4	scan0064.pdf	15	180
p001	scan0064.pdf	14	180
p002	scan0064.pdf	13	180
p003	scan0064.pdf	12	180
p004	scan0064.pdf	11	180
p005	scan0064.pdf	10	270
p006	scan0064.pdf	9	270
p007	scan0064.pdf	8	270
p008	scan0064.pdf	7	180
p009	scan0064.pdf	6	180
p010	scan0064.pdf	5	180
p011	scan0064.pdf	4	180
p012	scan0064.pdf	3	180
p013	scan0064.pdf	2	180
p014	scan0064.pdf	1	270
p015	scan0065.pdf	20	90
p016	scan0065.pdf	19	0
p017	scan0065.pdf	18	0
p018	scan0065.pdf	17	0
p019	scan0065.pdf	16	0
p020	scan0065.pdf	15	0
p021	scan0065.pdf	14	90
p022	scan0065.pdf	13	0
p023	scan0065.pdf	12	90
p024	scan0065.pdf	11	90
p025	scan0065.pdf	10	90
p026	scan0065.pdf	9	0
p027	scan0065.pdf	8	0
p028	scan0065.pdf	7	90
p029	scan0065.pdf	6	0
p030	scan0065.pdf	5	0
p031	scan0065.pdf	4	90
p032	scan0065.pdf	3	0
p033	scan0065.pdf	2	0
p034	scan0065.pdf	1	90
p035	scan0066.pdf	1	0
p036	scan0066.pdf	2	90
p037	scan0066.pdf	3	0
p038	scan0066.pdf	4	0
p039	scan0066.pdf	5	0
p040	scan0066.pdf	6	0
p041	scan0066.pdf	7	0
p042	scan0066.pdf	8	0
p043	scan0066.pdf	9	0
p044	scan0066.pdf	10	0
p045	scan0066.pdf	11	0
p046	scan0066.pdf	12	0
p047	scan0066.pdf	13	0
p048	scan0066.pdf	14	0
p049	scan0066.pdf	15	0
p050	scan0066.pdf	16	0
p051	scan0066.pdf	17	0
p052	scan0066.pdf	18	0
p053	scan0066.pdf	19	0
p054	scan0066.pdf	20	0
p055	scan0067.pdf	1	0
p056	scan0067.pdf	2	0
p057	scan0067.pdf	3	90
p058	scan0067.pdf	4	0
p059	scan0067.pdf	5	0
p060	scan0067.pdf	6	0
p061	scan0067.pdf	7	0
p062	scan0067.pdf	8	90
p063	scan0067.pdf	9	0
p064	scan0067.pdf	10	90
p065	scan0067.pdf	11	0
p066	scan0067.pdf	12	0
p067	scan0067.pdf	13	0
p068	scan0067.pdf	14	90
p069	scan0067.pdf	15	0
p070	scan0067.pdf	16	90
p071	scan0067.pdf	17	0
p072	scan0067.pdf	18	0
p073	scan0067.pdf	19	0
p074	scan0067.pdf	20	0
p075	scan0068.pdf	1	0
p076	scan0068.pdf	2	0
p077	scan0068.pdf	3	90
p078	scan0068.pdf	4	0
p079	scan0068.pdf	5	0
p080	scan0068.pdf	6	90
p081	scan0068.pdf	7	0
p082	scan0068.pdf	8	0
p083	scan0068.pdf	9	0
p084	scan0068.pdf	10	0
p085	scan0068.pdf	11	0
p086	scan0068.pdf	12	0
p087	scan0068.pdf	13	0
p088	scan0068.pdf	14	90
p089	scan0068.pdf	15	0
p090	scan0068.pdf	16	0
p091	scan0068.pdf	17	0
p092	scan0068.pdf	18	0
p093	scan0068.pdf	19	0
p094	scan0068.pdf	20	0
p095	scan0069.pdf	3	0
p096	scan0069.pdf	4	0
p097	scan0069.pdf	5	0
p098	scan0069.pdf	6	0
p099	scan0069.pdf	7	0
p100	scan0069.pdf	8	0
p101	scan0069.pdf	9	0
p102	scan0069.pdf	10	0
p103	scan0069.pdf	11	0
p104	scan0069.pdf	12	0
p105	scan0069.pdf	13	0
p106	scan0069.pdf	14	0
p107	scan0069.pdf	15	0
p108	scan0069.pdf	16	0
p109	scan0069.pdf	17	0
p110	scan0069.pdf	18	0
p111	scan0069.pdf	19	0
p112	scan0069.pdf	20	0
p113	scan0069.pdf	21	0
p114	scan0069.pdf	22	0
p115	scan0072.pdf	1	180
p116	scan0072.pdf	2	180
p117	scan0072.pdf	3	180
p118	scan0072.pdf	4	180
p119	scan0072.pdf	5	180
p120	scan0072.pdf	6	180
p121	scan0072.pdf	7	180
p122	scan0072.pdf	8	180
p123	scan0072.pdf	9	180
p124	scan0072.pdf	10	180
p125	scan0072.pdf	11	180
p126	scan0072.pdf	12	180
p127	scan0072.pdf	13	180
p128	scan0072.pdf	14	180
