chiave	nome_file	titolo	fonte_url	data	stato	percorso	note
sl-p1200|service-manual|en	Technics_SL-P1200_service_unito_pulito.pdf	Technics SL-P1200 Service Manual (unito e pulito)		2026-10-08	posseduto	audio/Technics SL-P 1200/DATA	versione di lavoro principale; KB in KB/
sl-p1200|service-manual|en	Technics_SL-P1200_service_unito.pdf	Technics SL-P1200 Service Manual (unito)		2026-10-08	posseduto	audio/Technics SL-P 1200/DATA	
sl-p1200|service-manual|en	hfe_technics_sl-p1200_service.pdf	Technics SL-P1200 Service Manual (HiFi Engine)	hifiengine.com	2026-10-08	posseduto	audio/Technics SL-P 1200/DATA	copia originale HiFi Engine
sl-xp7|technical-guide-vol17|en	Technics_TechGuide_Vol17_SL-XP7_ordinato_pulito.pdf	Technics Technical Guide Vol.17 (SL-XP7)		2026-10-08	posseduto	audio/Technics SL-P 1200/UNIVERSITY	
sl-p150|technical-guide|en	Technics_TechGuide_CD_Player_Technology_SL-P150_SL-P405C_ordinato_pulito.pdf	Technical Guide CD Player Technology SL-P150 / SL-P405C		2026-10-08	posseduto	audio/Technics SL-P 1200/UNIVERSITY/TG_SL-P150_CD_Player_Technology	
auto-cd|technical-guide-vol25|en	Technics_TechGuide_Vol25_Auto_CD_Technology_ordinato_pulito.pdf	Technical Guide Vol.25 Auto CD Technology		2026-10-08	posseduto	audio/Technics SL-P 1200/UNIVERSITY/A_TG_Vol25_Auto_CD_Technology	
msc910101|troubleshooting|en	Panasonic_Troubleshooting_Guide_CD_1986-1990_MSC910101_ordinato_pulito.pdf	Troubleshooting Guide CD 1986-1990 (MSC910101)		2026-10-08	posseduto	audio/Technics SL-P 1200/UNIVERSITY/B_Troubleshooting_Guide_1986-1990	
ad8806133g0|technical-guide-adjustments|en	Technics_TechGuide_Purposes_of_CD_Adjustments_OneBeam_AD8806133G0_ordinato_pulito.pdf	Purposes of Adjustments – One Beam (AD8806133G0)		2026-10-08	posseduto	audio/Technics SL-P 1200/UNIVERSITY/C_TG_Purposes_of_Adjustments_OneBeam	
sl-p1|service-manual|en	Technics-SLP1-cd-sm.pdf	Technics SL-P1 Service Manual		2026-10-08	posseduto	audio/Technics SL-P 1200/SERVICE_MANUALS_CORRELATI/SL-P1/DATA	
sl-p10|technical-guide|en	Technics-SLP10-cd-tg.pdf	Technics SL-P10 Technical Guide		2026-10-08	posseduto	audio/Technics SL-P 1200/SERVICE_MANUALS_CORRELATI/SL-P10/DATA	
sl-p110|service-manual|en	Technics-SLP110-cd-sm.pdf	Technics SL-P110 Service Manual		2026-10-08	posseduto	audio/Technics SL-P 1200/SERVICE_MANUALS_CORRELATI/SL-P110/DATA	
sl-p110-p115-p116|adjustment|en	Technics-SLP110-115-116-cd-adj.pdf	Technics SL-P110/115/116 Adjustment Manual		2026-10-08	posseduto	audio/Technics SL-P 1200/SERVICE_MANUALS_CORRELATI/SL-P110/DATA	
sl-p111|service-manual|en	Technics-SLP111-cd-sm.pdf	Technics SL-P111 Service Manual		2026-10-08	posseduto	audio/Technics SL-P 1200/SERVICE_MANUALS_CORRELATI/SL-P111/DATA	
sl-p2|service-manual|en	Technics-SLP2-cd-sm.pdf	Technics SL-P2 Service Manual		2026-10-08	posseduto	audio/Technics SL-P 1200/SERVICE_MANUALS_CORRELATI/SL-P2/DATA	
sl-p3|service-manual|en	Technics-SLP3-cd-sm.pdf	Technics SL-P3 Service Manual		2026-10-08	posseduto	audio/Technics SL-P 1200/SERVICE_MANUALS_CORRELATI/SL-P3/DATA	
sl-p3|adjustment|en	Technics-SLP3-cd-adj.pdf	Technics SL-P3 Adjustment Manual		2026-10-08	posseduto	audio/Technics SL-P 1200/SERVICE_MANUALS_CORRELATI/SL-P3/DATA	
sl-p7|service-manual|en	Technics-SLP7-cd-sm_part1-20.pdf	Technics SL-P7 Service Manual (parte 1-20)		2026-10-08	posseduto	audio/Technics SL-P 1200/SERVICE_MANUALS_CORRELATI/SL-P7/DATA	seconda parte: Technics-SLP7-cd-sm_part21-40.pdf
sl-p7|service-manual|en	Technics-SLP7-cd-sm_part21-40.pdf	Technics SL-P7 Service Manual (parte 21-40)		2026-10-08	posseduto	audio/Technics SL-P 1200/SERVICE_MANUALS_CORRELATI/SL-P7/DATA	
sl-p8|service-manual|en	Technics-SLP8-cd-sm.pdf	Technics SL-P8 Service Manual		2026-10-08	posseduto	audio/Technics SL-P 1200/SERVICE_MANUALS_CORRELATI/SL-P8/DATA	
sl-p1200|brochure|en	SL-P1200_Leaflet_brochure_archive-org_EN.pdf	Technics SL-P1200 leaflet / brochure	archive.org	2026-10-06	scaricato	Downloads\ricercasm_2026-10-06	cartella non più presente in Downloads al 2026-10-08
sl-p1200|operating-instructions|en	SL-P1200_OperatingInstructions_EN.pdf	Technics SL-P1200 Operating Instructions	https://bh.hallikainen.org/uploads/TechnicsSl-P1200.pdf	2026-10-08	scaricato	Downloads\ricercasm_2026-10-08	utilità media: comandi, connettori, specifiche
sl-p1300|operating-instructions|en	SL-P1300_OperatingInstructions_EN.pdf	Technics SL-P1300 Operating Instructions	https://bh.hallikainen.org/uploads/TechnicsSl-P1300.pdf	2026-10-08	scaricato	Downloads\ricercasm_2026-10-08	utilità bassa/media: modello gemello, senza schemi
sl-p2000|service-manual|en		Technics SL-P2000 Service Manual (41 pp, 6,9 MB)	https://elektrotanya.com/technics_slp2000_sm.pdf/download.html	2026-10-08	non_scaricato		gratuito previa spunta casella; stessi IC non verificato
sl-p110-p210-p310-p115-p116|adjustment|en		Adjustment manual SL-P110/P210/P310/P115/P116 (26 pp)	https://www.elektrotanya.com/technics_sl-p110_sl-p210_sl-p310_sl-p115_sl-p116_adjustment_manual.pdf/download.html	2026-10-08	non_scaricato		probabilmente coincide con Technics-SLP110-115-116-cd-adj.pdf già posseduto
sl-p1300|forum-thread|en		AudioKarma: SL-P1300 spin is weak and erratic	https://audiokarma.org/forums/threads/technics-sl-p1300-cd-player-spin-is-weak-and-erratic.1099969/	2026-10-08	segnalato		guasto noto: modulo SIP PLL in epoxy senza ricambio
