page_tag	source_pdf	pdf_page
sm_s001	SLP8-sm.pdf	1
sm_s002	SLP8-sm.pdf	2
sm_s003	SLP8-sm.pdf	3
sm_s004	SLP8-sm.pdf	4
sm_s005	SLP8-sm.pdf	5
sm_s006	SLP8-sm.pdf	6
sm_s007	SLP8-sm.pdf	7
sm_s008	SLP8-sm.pdf	8
sm_s009	SLP8-sm.pdf	9
sm_s010	SLP8-sm.pdf	10
sm_s011	SLP8-sm.pdf	11
sm_s012	SLP8-sm.pdf	12
sm_s013	SLP8-sm.pdf	13
sm_s014	SLP8-sm.pdf	14
sm_s015	SLP8-sm.pdf	15
sm_s016	SLP8-sm.pdf	16
sm_s017	SLP8-sm.pdf	17
sm_s018	SLP8-sm.pdf	18
sm_s019	SLP8-sm.pdf	19
sm_s020	SLP8-sm.pdf	20
sm_s021	SLP8-sm.pdf	21
sm_s022	SLP8-sm.pdf	22
sm_s023	SLP8-sm.pdf	23
sm_s024	SLP8-sm.pdf	24
sm_s025	SLP8-sm.pdf	25
sm_s026	SLP8-sm.pdf	26
sm_s027	SLP8-sm.pdf	27
sm_s028	SLP8-sm.pdf	28
sm_s029	SLP8-sm.pdf	29
sm_s030	SLP8-sm.pdf	30
sm_s031	SLP8-sm.pdf	31
sm_s032	SLP8-sm.pdf	32
sm_s033	SLP8-sm.pdf	33
sm_s034	SLP8-sm.pdf	34
sm_s035	SLP8-sm.pdf	35
sm_s036	SLP8-sm.pdf	36
sm_s037	SLP8-sm.pdf	37
sm_s038	SLP8-sm.pdf	38
sm_s039	SLP8-sm.pdf	39
sm_s040	SLP8-sm.pdf	40
sm_s041	SLP8-sm.pdf	41
sm_s042	SLP8-sm.pdf	42
sm_s043	SLP8-sm.pdf	43
sm_s044	SLP8-sm.pdf	44
sm_s045	SLP8-sm.pdf	45
sm_s046	SLP8-sm.pdf	46
sm_s047	SLP8-sm.pdf	47
sm_s048	SLP8-sm.pdf	48
sm_s049	SLP8-sm.pdf	49
sm_s050	SLP8-sm.pdf	50
sm_s051	SLP8-sm.pdf	51
sm_s052	SLP8-sm.pdf	52
sm_s053	SLP8-sm.pdf	53
sm_s054	SLP8-sm.pdf	54
sm_s055	SLP8-sm.pdf	55
sm_s056	SLP8-sm.pdf	56
sm_s057	SLP8-sm.pdf	57
sm_s058	SLP8-sm.pdf	58
sm_s059	SLP8-sm.pdf	59
sm_s060	SLP8-sm.pdf	60
sm_s061	SLP8-sm.pdf	61
sm_s062	SLP8-sm.pdf	62
sm_s063	SLP8-sm.pdf	63
sm_s064	SLP8-sm.pdf	64
sm_s065	SLP8-sm.pdf	65
sm_s066	SLP8-sm.pdf	66
sm_s067	SLP8-sm.pdf	67
sm_s068	SLP8-sm.pdf	68
sm_s069	SLP8-sm.pdf	69
sm_s070	SLP8-sm.pdf	70
sm_s071	SLP8-sm.pdf	71
sm_s072	SLP8-sm.pdf	72
sm_s073	SLP8-sm.pdf	73
sm_s074	SLP8-sm.pdf	74
sm_s075	SLP8-sm.pdf	75
sm_s076	SLP8-sm.pdf	76
sm_s077	SLP8-sm.pdf	77
sm_s078	SLP8-sm.pdf	78
sm_s079	SLP8-sm.pdf	79
sm_s080	SLP8-sm.pdf	80
sm_s081	SLP8-sm.pdf	81
sm_s082	SLP8-sm.pdf	82
sm_s083	SLP8-sm.pdf	83
sm_s084	SLP8-sm.pdf	84
sm_s085	SLP8-sm.pdf	85
sm_s086	SLP8-sm.pdf	86
sm_s087	SLP8-sm.pdf	87
sm_s088	SLP8-sm.pdf	88
sm_s089	SLP8-sm.pdf	89
sm_s090	SLP8-sm.pdf	90
sm_s091	SLP8-sm.pdf	91
sm_s092	SLP8-sm.pdf	92
sm_s093	SLP8-sm.pdf	93
sm_s094	SLP8-sm.pdf	94
sm_s095	SLP8-sm.pdf	95
sm_s096	SLP8-sm.pdf	96
sm_s097	SLP8-sm.pdf	97
sm_s098	SLP8-sm.pdf	98
sm_s099	SLP8-sm.pdf	99
sm_s100	SLP8-sm.pdf	100
sm_s101	SLP8-sm.pdf	101
sm_s102	SLP8-sm.pdf	102
sm_s103	SLP8-sm.pdf	103
sm_s104	SLP8-sm.pdf	104
sm_s105	SLP8-sm.pdf	105
sm_s106	SLP8-sm.pdf	106
sm_s107	SLP8-sm.pdf	107
sm_s108	SLP8-sm.pdf	108
sm_s109	SLP8-sm.pdf	109
sm_s110	SLP8-sm.pdf	110
sm_s111	SLP8-sm.pdf	111
sm_s112	SLP8-sm.pdf	112
sm_s113	SLP8-sm.pdf	113
sm_s114	SLP8-sm.pdf	114
sm_s115	SLP8-sm.pdf	115
sm_s116	SLP8-sm.pdf	116
sm_s117	SLP8-sm.pdf	117
sm_s118	SLP8-sm.pdf	118
sm_s119	SLP8-sm.pdf	119
