level	page_num	block_num	par_num	line_num	word_num	left	top	width	height	conf	text
1	1	0	0	0	0	0	0	3517	6853	-1	
2	1	1	0	0	0	1018	88	345	4	-1	
3	1	1	1	0	0	1018	88	345	4	-1	
4	1	1	1	1	0	1018	88	345	4	-1	
5	1	1	1	1	1	1018	88	345	4	11.038322	ee
2	1	2	0	0	0	1547	91	30	2	-1	
3	1	2	1	0	0	1547	91	30	2	-1	
4	1	2	1	1	0	1547	91	30	2	-1	
5	1	2	1	1	1	1547	91	30	2	48.764053	—
2	1	3	0	0	0	650	222	32	18	-1	
3	1	3	1	0	0	650	222	32	18	-1	
4	1	3	1	1	0	650	222	32	18	-1	
5	1	3	1	1	1	650	222	32	18	0.000000	omy
2	1	4	0	0	0	649	234	35	31	-1	
3	1	4	1	0	0	649	234	35	31	-1	
4	1	4	1	1	0	649	234	35	31	-1	
5	1	4	1	1	1	649	234	35	31	17.376282	idl
2	1	5	0	0	0	1701	259	40	15	-1	
3	1	5	1	0	0	1701	259	40	15	-1	
4	1	5	1	1	0	1701	259	40	15	-1	
5	1	5	1	1	1	1701	259	40	15	0.000000	-*
2	1	6	0	0	0	649	270	32	25	-1	
3	1	6	1	0	0	649	270	32	25	-1	
4	1	6	1	1	0	649	270	32	25	-1	
5	1	6	1	1	1	649	270	32	25	40.187496	te
2	1	7	0	0	0	764	262	187	76	-1	
3	1	7	1	0	0	764	262	187	76	-1	
4	1	7	1	1	0	764	262	187	76	-1	
5	1	7	1	1	1	764	262	70	60	57.206345	itt
5	1	7	1	1	2	875	284	23	54	0.000000	§
5	1	7	1	1	3	940	282	11	6	33.048866	:
2	1	8	0	0	0	647	400	33	22	-1	
3	1	8	1	0	0	647	400	33	22	-1	
4	1	8	1	1	0	647	400	33	22	-1	
5	1	8	1	1	1	647	400	33	22	55.659454	at
2	1	9	0	0	0	647	383	35	20	-1	
3	1	9	1	0	0	647	383	35	20	-1	
4	1	9	1	1	0	647	383	35	20	-1	
5	1	9	1	1	1	647	383	35	20	35.875481	we
2	1	10	0	0	0	800	336	128	88	-1	
3	1	10	1	0	0	800	336	130	88	-1	
4	1	10	1	1	0	800	336	128	88	-1	
5	1	10	1	1	1	800	336	128	88	46.129562	HEB,
2	1	11	0	0	0	2672	397	125	25	-1	
3	1	11	1	0	0	2672	397	125	25	-1	
4	1	11	1	1	0	2672	397	125	25	-1	
5	1	11	1	1	1	2672	397	24	8	20.500015	=
5	1	11	1	1	2	2745	397	52	25	58.196198	sa
2	1	12	0	0	0	648	423	33	34	-1	
3	1	12	1	0	0	648	423	33	34	-1	
4	1	12	1	1	0	648	423	33	34	-1	
5	1	12	1	1	1	648	423	33	34	55.482059	het
2	1	13	0	0	0	649	452	31	27	-1	
3	1	13	1	0	0	649	452	31	27	-1	
4	1	13	1	1	0	649	452	31	27	-1	
5	1	13	1	1	1	649	452	31	27	52.698883	4
2	1	14	0	0	0	726	422	102	66	-1	
3	1	14	1	0	0	726	422	102	66	-1	
4	1	14	1	1	0	726	422	102	66	-1	
5	1	14	1	1	1	726	422	102	66	52.310902	i
2	1	15	0	0	0	2643	447	31	18	-1	
3	1	15	1	0	0	2643	447	31	18	-1	
4	1	15	1	1	0	2643	447	31	18	-1	
5	1	15	1	1	1	2643	447	31	18	7.754402	'n
2	1	16	0	0	0	2789	428	55	36	-1	
3	1	16	1	0	0	2789	428	55	36	-1	
4	1	16	1	1	0	2789	428	55	36	-1	
5	1	16	1	1	1	2789	428	55	36	28.011482	122
2	1	17	0	0	0	2791	466	51	28	-1	
3	1	17	1	0	0	2791	466	51	28	-1	
4	1	17	1	1	0	2791	466	51	28	-1	
5	1	17	1	1	1	2791	466	51	28	34.882004	Jmz
2	1	18	0	0	0	648	475	32	26	-1	
3	1	18	1	0	0	648	475	32	26	-1	
4	1	18	1	1	0	648	475	32	26	-1	
5	1	18	1	1	1	648	475	32	26	48.161736	ts
2	1	19	0	0	0	2642	472	31	26	-1	
3	1	19	1	0	0	2642	472	31	26	-1	
4	1	19	1	1	0	2642	472	31	26	-1	
5	1	19	1	1	1	2642	472	31	26	0.000000	l<
2	1	20	0	0	0	2802	505	40	15	-1	
3	1	20	1	0	0	2802	505	40	15	-1	
4	1	20	1	1	0	2802	505	40	15	-1	
5	1	20	1	1	1	2802	505	40	15	51.968826	<a
2	1	21	0	0	0	652	533	79	29	-1	
3	1	21	1	0	0	652	533	79	29	-1	
4	1	21	1	1	0	652	533	79	29	-1	
5	1	21	1	1	1	652	533	9	24	0.000000	o
5	1	21	1	1	2	687	540	44	22	58.856232	poe
2	1	22	0	0	0	2791	514	27	18	-1	
3	1	22	1	0	0	2791	514	27	18	-1	
4	1	22	1	1	0	2791	514	27	18	-1	
5	1	22	1	1	1	2791	514	27	18	45.696083	tm
2	1	23	0	0	0	2642	553	153	32	-1	
3	1	23	1	0	0	2642	553	153	32	-1	
4	1	23	1	1	0	2642	553	153	32	-1	
5	1	23	1	1	1	2642	553	153	32	17.297226	Loos
2	1	24	0	0	0	2729	591	30	22	-1	
3	1	24	1	0	0	2729	591	30	22	-1	
4	1	24	1	1	0	2729	591	30	22	-1	
5	1	24	1	1	1	2729	591	30	22	10.966759	yy
2	1	25	0	0	0	826	607	53	26	-1	
3	1	25	1	0	0	826	607	53	26	-1	
4	1	25	1	1	0	826	607	53	26	-1	
5	1	25	1	1	1	826	607	53	26	51.627151	ane.
2	1	26	0	0	0	2485	642	19	13	-1	
3	1	26	1	0	0	2485	642	19	13	-1	
4	1	26	1	1	0	2485	642	19	13	-1	
5	1	26	1	1	1	2485	642	19	13	0.736115	oa
2	1	27	0	0	0	2551	604	268	54	-1	
3	1	27	1	0	0	2551	604	268	54	-1	
4	1	27	1	1	0	2551	604	268	54	-1	
5	1	27	1	1	1	2551	604	268	54	8.405060	>
2	1	28	0	0	0	2874	590	33	59	-1	
3	1	28	1	0	0	2874	590	33	59	-1	
4	1	28	1	1	0	2874	590	33	59	-1	
5	1	28	1	1	1	2874	590	33	59	69.678604	2
2	1	29	0	0	0	813	659	65	30	-1	
3	1	29	1	0	0	813	659	65	30	-1	
4	1	29	1	1	0	813	659	65	30	-1	
5	1	29	1	1	1	813	655	20	47	42.633339	>»
5	1	29	1	1	2	848	655	30	47	0.000000	Sé
2	1	30	0	0	0	897	622	159	75	-1	
3	1	30	1	0	0	897	622	159	75	-1	
4	1	30	1	1	0	897	622	159	75	-1	
5	1	30	1	1	1	897	622	159	75	66.099937	my
2	1	31	0	0	0	2543	685	81	18	-1	
3	1	31	1	0	0	2543	685	81	18	-1	
4	1	31	1	1	0	2543	685	81	18	-1	
5	1	31	1	1	1	2543	686	43	17	29.712265	tEM
5	1	31	1	1	2	2594	685	30	17	29.712265	PH
2	1	32	0	0	0	2733	685	114	18	-1	
3	1	32	1	0	0	2733	685	114	18	-1	
4	1	32	1	1	0	2733	685	114	18	-1	
5	1	32	1	1	1	2733	685	114	18	80.751282	(REMOTE)
2	1	33	0	0	0	968	716	75	18	-1	
3	1	33	1	0	0	968	716	75	18	-1	
4	1	33	1	1	0	968	716	75	18	-1	
5	1	33	1	1	1	968	716	75	18	27.528320	=
5	1	33	1	1	2	1031	712	16	26	19.841248	&
2	1	34	0	0	0	1075	761	21	36	-1	
3	1	34	1	0	0	1075	761	21	36	-1	
4	1	34	1	1	0	1075	761	21	36	-1	
5	1	34	1	1	1	1075	761	21	36	71.688866	i,
2	1	35	0	0	0	838	780	80	69	-1	
3	1	35	1	0	0	838	780	80	69	-1	
4	1	35	1	1	0	838	780	80	69	-1	
5	1	35	1	1	1	838	780	80	69	72.293999	x
2	1	36	0	0	0	2311	743	192	123	-1	
3	1	36	1	0	0	2311	743	192	123	-1	
4	1	36	1	1	0	2311	743	192	123	-1	
5	1	36	1	1	1	2311	840	48	50	67.766418	.
5	1	36	1	1	2	2435	743	68	121	39.204731	8
2	1	37	0	0	0	2766	742	305	122	-1	
3	1	37	1	0	0	2766	742	305	122	-1	
4	1	37	1	1	0	2766	742	305	122	-1	
5	1	37	1	1	1	2766	742	305	122	0.447891	BUBB)
2	1	38	0	0	0	1383	858	44	16	-1	
3	1	38	1	0	0	1383	858	44	16	-1	
4	1	38	1	1	0	1383	858	44	16	-1	
5	1	38	1	1	1	1383	858	44	16	65.625633	csi
2	1	39	0	0	0	1508	856	53	19	-1	
3	1	39	1	0	0	1508	856	53	19	-1	
4	1	39	1	1	0	1508	856	53	19	-1	
5	1	39	1	1	1	1508	856	53	19	33.434273	csi2
2	1	40	0	0	0	805	842	260	95	-1	
3	1	40	1	0	0	805	842	260	95	-1	
4	1	40	1	1	0	805	842	260	95	-1	
5	1	40	1	1	1	805	842	260	95	19.750504	ay
2	1	41	0	0	0	1398	901	20	20	-1	
3	1	41	1	0	0	1398	901	20	20	-1	
4	1	41	1	1	0	1398	901	20	20	-1	
5	1	41	1	1	1	1398	901	20	20	78.594505	6
2	1	42	0	0	0	2311	876	69	64	-1	
3	1	42	1	0	0	2311	876	70	64	-1	
4	1	42	1	1	0	2311	876	69	64	-1	
5	1	42	1	1	1	2311	876	69	64	0.000000	13
2	1	43	0	0	0	2311	939	71	32	-1	
3	1	43	1	0	0	2311	939	71	32	-1	
4	1	43	1	1	0	2311	939	71	32	-1	
5	1	43	1	1	1	2311	939	71	32	0.000000	jolB
2	1	44	0	0	0	2431	907	83	42	-1	
3	1	44	1	0	0	2431	907	83	42	-1	
4	1	44	1	1	0	2431	907	83	42	-1	
5	1	44	1	1	1	2431	912	48	37	26.308334	tg
5	1	44	1	1	2	2483	907	31	38	65.282928	oO
2	1	45	0	0	0	2542	744	191	207	-1	
3	1	45	1	0	0	2542	744	191	207	-1	
4	1	45	1	1	0	2542	744	191	207	-1	
5	1	45	1	1	1	2542	744	191	207	18.984573	a
2	1	46	0	0	0	2783	927	30	24	-1	
3	1	46	1	0	0	2783	927	30	24	-1	
4	1	46	1	1	0	2783	927	30	24	-1	
5	1	46	1	1	1	2783	927	30	24	33.095459	Oo
2	1	47	0	0	0	2431	943	81	39	-1	
3	1	47	1	0	0	2431	943	81	39	-1	
4	1	47	1	1	0	2431	943	81	39	-1	
5	1	47	1	1	1	2431	943	32	39	0.000000	Ig
5	1	47	1	1	2	2476	944	36	26	0.000000	lt
2	1	48	0	0	0	2558	952	32	23	-1	
3	1	48	1	0	0	2558	952	32	23	-1	
4	1	48	1	1	0	2558	952	32	23	-1	
5	1	48	1	1	1	2558	952	32	23	44.006989	wo
2	1	49	0	0	0	2668	951	30	23	-1	
3	1	49	1	0	0	2668	951	30	23	-1	
4	1	49	1	1	0	2668	951	30	23	-1	
5	1	49	1	1	1	2668	951	30	23	79.919922	o
2	1	50	0	0	0	2783	954	30	21	-1	
3	1	50	1	0	0	2783	954	30	21	-1	
4	1	50	1	1	0	2783	954	30	21	-1	
5	1	50	1	1	1	2783	954	30	21	23.466980	NN
2	1	51	0	0	0	2895	950	30	22	-1	
3	1	51	1	0	0	2895	950	30	22	-1	
4	1	51	1	1	0	2895	950	30	22	-1	
5	1	51	1	1	1	2895	950	30	22	38.113571	@®
2	1	52	0	0	0	2311	974	71	32	-1	
3	1	52	1	0	0	2311	974	71	32	-1	
4	1	52	1	1	0	2311	974	71	32	-1	
5	1	52	1	1	1	2311	974	71	32	49.628937	pore
2	1	53	0	0	0	2310	1016	35	25	-1	
3	1	53	1	0	0	2310	1016	35	25	-1	
4	1	53	1	1	0	2310	1016	35	25	-1	
5	1	53	1	1	1	2310	1016	35	25	42.619431	lo
2	1	54	0	0	0	2429	1044	50	24	-1	
3	1	54	1	0	0	2429	1044	50	24	-1	
4	1	54	1	1	0	2429	1044	50	24	-1	
5	1	54	1	1	1	2429	1044	50	24	35.026375	a)
2	1	55	0	0	0	2431	1009	50	31	-1	
3	1	55	1	0	0	2431	1009	50	31	-1	
4	1	55	1	1	0	2431	1009	50	31	-1	
5	1	55	1	1	1	2431	1009	50	31	33.444733	Igl
2	1	56	0	0	0	2429	1078	50	26	-1	
3	1	56	1	0	0	2429	1078	50	26	-1	
4	1	56	1	1	0	2429	1078	50	26	-1	
5	1	56	1	1	1	2429	1078	50	26	38.910568	181
2	1	57	0	0	0	2574	1087	121	7	-1	
3	1	57	1	0	0	2574	1087	121	7	-1	
4	1	57	1	1	0	2574	1087	121	7	-1	
5	1	57	1	1	1	2574	1087	121	7	37.448456	po
2	1	58	0	0	0	2748	1086	121	9	-1	
3	1	58	1	0	0	2748	1086	121	9	-1	
4	1	58	1	1	0	2748	1086	121	9	-1	
5	1	58	1	1	1	2748	1086	121	9	54.053391	——
2	1	59	0	0	0	440	1111	55	23	-1	
3	1	59	1	0	0	440	1111	55	23	-1	
4	1	59	1	1	0	440	1111	55	23	-1	
5	1	59	1	1	1	440	1111	55	23	32.151291	C45!
2	1	60	0	0	0	2429	1109	49	30	-1	
3	1	60	1	0	0	2429	1109	49	30	-1	
4	1	60	1	1	0	2429	1109	49	30	-1	
5	1	60	1	1	1	2429	1109	49	30	35.756584	13
2	1	61	0	0	0	2429	1141	51	33	-1	
3	1	61	1	0	0	2429	1141	51	33	-1	
4	1	61	1	1	0	2429	1141	51	33	-1	
5	1	61	1	1	1	2429	1141	51	33	75.709267	18)
2	1	62	0	0	0	2431	1173	50	35	-1	
3	1	62	1	0	0	2431	1173	50	35	-1	
4	1	62	1	1	0	2431	1173	50	35	-1	
5	1	62	1	1	1	2431	1173	50	35	21.069023	13;
2	1	63	0	0	0	2574	1187	120	7	-1	
3	1	63	1	0	0	2574	1187	120	7	-1	
4	1	63	1	1	0	2574	1187	120	7	-1	
5	1	63	1	1	1	2574	1187	120	7	0.880692	a
5	1	63	1	1	2	2688	1174	11	28	56.452072	|
2	1	64	0	0	0	2751	1187	118	7	-1	
3	1	64	1	0	0	2751	1187	118	7	-1	
4	1	64	1	1	0	2751	1187	118	7	-1	
5	1	64	1	1	1	2751	1187	118	7	16.950302	———
2	1	65	0	0	0	2807	1174	10	9	-1	
3	1	65	1	0	0	2807	1174	10	9	-1	
4	1	65	1	1	0	2807	1174	10	9	-1	
5	1	65	1	1	1	2807	1174	10	9	0.000000	v
2	1	66	0	0	0	2429	1205	52	35	-1	
3	1	66	1	0	0	2429	1205	52	35	-1	
4	1	66	1	1	0	2429	1205	52	35	-1	
5	1	66	1	1	1	2429	1205	52	35	63.356258	18)
2	1	67	0	0	0	602	1210	129	83	-1	
3	1	67	1	0	0	602	1210	129	83	-1	
4	1	67	1	1	0	602	1210	129	83	-1	
5	1	67	1	1	1	602	1210	129	83	32.624847	et
5	1	67	1	1	2	707	1206	26	101	32.624847	|
2	1	68	0	0	0	1806	1326	181	5	-1	
3	1	68	1	0	0	1806	1326	181	5	-1	
4	1	68	1	1	0	1806	1326	181	5	-1	
5	1	68	1	1	1	1806	1326	181	5	28.634384	ee
2	1	69	0	0	0	2574	1318	121	7	-1	
3	1	69	1	0	0	2574	1318	121	7	-1	
4	1	69	1	1	0	2574	1318	121	7	-1	
5	1	69	1	1	1	2574	1318	121	7	0.000000	_———
2	1	70	0	0	0	494	1265	97	102	-1	
3	1	70	1	0	0	494	1265	97	102	-1	
4	1	70	1	1	0	494	1265	97	102	-1	
5	1	70	1	1	1	494	1265	97	102	25.086296	2B
2	1	71	0	0	0	2431	1350	49	27	-1	
3	1	71	1	0	0	2431	1350	49	27	-1	
4	1	71	1	1	0	2431	1350	49	27	-1	
5	1	71	1	1	1	2431	1350	49	27	62.752586	lel
2	1	72	0	0	0	758	1370	48	17	-1	
3	1	72	1	0	0	758	1370	48	17	-1	
4	1	72	1	1	0	758	1370	48	17	-1	
5	1	72	1	1	1	758	1370	48	17	36.579773	a
2	1	73	0	0	0	1462	1359	61	50	-1	
3	1	73	1	0	0	1462	1359	61	50	-1	
4	1	73	1	1	0	1462	1359	61	50	-1	
5	1	73	1	1	1	1462	1359	61	50	43.452408	#3
2	1	74	0	0	0	758	1399	48	24	-1	
3	1	74	1	0	0	758	1399	48	24	-1	
4	1	74	1	1	0	758	1399	48	24	-1	
5	1	74	1	1	1	758	1399	48	24	46.369015	bay!
2	1	75	0	0	0	2431	1386	50	38	-1	
3	1	75	1	0	0	2431	1386	50	38	-1	
4	1	75	1	1	0	2431	1386	50	38	-1	
5	1	75	1	1	1	2431	1386	50	38	45.898743	lal
2	1	76	0	0	0	2574	1413	121	6	-1	
3	1	76	1	0	0	2574	1413	121	6	-1	
4	1	76	1	1	0	2574	1413	121	6	-1	
5	1	76	1	1	1	2574	1413	121	6	0.000000	-———
2	1	77	0	0	0	2749	1412	121	7	-1	
3	1	77	1	0	0	2749	1412	121	7	-1	
4	1	77	1	1	0	2749	1412	121	7	-1	
5	1	77	1	1	1	2749	1412	121	7	26.074898	-_——
2	1	78	0	0	0	727	1442	64	15	-1	
3	1	78	1	0	0	727	1442	64	15	-1	
4	1	78	1	1	0	727	1442	64	15	-1	
5	1	78	1	1	1	727	1445	9	12	40.803024	Dp
5	1	78	1	1	2	769	1442	22	14	25.606987	ow
2	1	79	0	0	0	1279	1428	58	20	-1	
3	1	79	1	0	0	1279	1428	58	20	-1	
4	1	79	1	1	0	1279	1428	58	20	-1	
5	1	79	1	1	1	1279	1428	58	20	39.440075	cats
2	1	80	0	0	0	1281	1452	57	24	-1	
3	1	80	1	0	0	1281	1452	57	24	-1	
4	1	80	1	1	0	1281	1452	57	24	-1	
5	1	80	1	1	1	1281	1452	57	24	39.823994	a
2	1	81	0	0	0	1480	1445	22	22	-1	
3	1	81	1	0	0	1480	1445	22	22	-1	
4	1	81	1	1	0	1480	1445	22	22	-1	
5	1	81	1	1	1	1480	1445	22	22	52.622345	™)
2	1	82	0	0	0	545	1439	48	64	-1	
3	1	82	1	0	0	545	1439	48	64	-1	
4	1	82	1	1	0	545	1439	48	64	-1	
5	1	82	1	1	1	545	1439	48	64	51.399628	1!
2	1	83	0	0	0	1246	1479	229	8	-1	
3	1	83	1	0	0	1246	1479	229	8	-1	
4	1	83	1	1	0	1246	1479	229	8	-1	
5	1	83	1	1	1	1246	1479	229	8	56.996094	——
5	1	83	1	1	2	1316	1468	17	28	37.082119	=
5	1	83	1	1	3	1349	1468	19	28	47.683659	—
5	1	83	1	1	4	1382	1468	17	28	5.840752	—
5	1	83	1	1	5	1414	1468	27	28	59.700569	--
2	1	84	0	0	0	2431	1455	49	31	-1	
3	1	84	1	0	0	2431	1455	49	31	-1	
4	1	84	1	1	0	2431	1455	49	31	-1	
5	1	84	1	1	1	2431	1455	49	31	25.489815	Ie
2	1	85	0	0	0	757	1503	34	23	-1	
3	1	85	1	0	0	757	1503	34	23	-1	
4	1	85	1	1	0	757	1503	34	23	-1	
5	1	85	1	1	1	757	1503	34	23	6.823715	fad
2	1	86	0	0	0	1371	1492	128	46	-1	
3	1	86	1	0	0	1371	1492	128	46	-1	
4	1	86	1	1	0	1371	1492	128	46	-1	
5	1	86	1	1	1	1371	1492	128	46	58.187786	Sl
2	1	87	0	0	0	2575	1519	29	7	-1	
3	1	87	1	0	0	2575	1519	29	7	-1	
4	1	87	1	1	0	2575	1519	29	7	-1	
5	1	87	1	1	1	2575	1519	29	7	51.874084	_—
2	1	88	0	0	0	2631	1504	10	13	-1	
3	1	88	1	0	0	2631	1504	10	13	-1	
4	1	88	1	1	0	2631	1504	10	13	-1	
5	1	88	1	1	1	2631	1504	10	13	46.930511	v
2	1	89	0	0	0	2675	1518	19	7	-1	
3	1	89	1	0	0	2675	1518	19	7	-1	
4	1	89	1	1	0	2675	1518	19	7	-1	
5	1	89	1	1	1	2675	1518	19	7	40.197388	—
2	1	90	0	0	0	2752	1511	118	14	-1	
3	1	90	1	0	0	2752	1511	118	14	-1	
4	1	90	1	1	0	2752	1511	118	14	-1	
5	1	90	1	1	1	2752	1511	118	14	48.461651	_—-—
2	1	91	0	0	0	443	1521	89	37	-1	
3	1	91	1	0	0	443	1521	89	37	-1	
4	1	91	1	1	0	443	1521	89	37	-1	
5	1	91	1	1	1	443	1521	89	37	31.153732	sys)
2	1	92	0	0	0	757	1531	50	27	-1	
3	1	92	1	0	0	757	1531	50	27	-1	
4	1	92	1	1	0	757	1531	50	27	-1	
5	1	92	1	1	1	757	1531	50	27	30.397575	m@,
2	1	93	0	0	0	1969	1509	29	43	-1	
3	1	93	1	0	0	1969	1509	29	43	-1	
4	1	93	1	1	0	1969	1509	29	43	-1	
5	1	93	1	1	1	1969	1509	2	33	53.846703	|
5	1	93	1	1	2	1995	1521	3	31	74.924973	|
2	1	94	0	0	0	473	1552	58	55	-1	
3	1	94	1	0	0	473	1552	58	55	-1	
4	1	94	1	1	0	473	1552	58	55	-1	
5	1	94	1	1	1	473	1552	58	55	0.000000	*&
2	1	95	0	0	0	757	1594	49	18	-1	
3	1	95	1	0	0	757	1594	49	18	-1	
4	1	95	1	1	0	757	1594	49	18	-1	
5	1	95	1	1	1	757	1594	49	18	68.481750	@!
2	1	96	0	0	0	757	1564	49	20	-1	
3	1	96	1	0	0	757	1564	49	20	-1	
4	1	96	1	1	0	757	1564	49	20	-1	
5	1	96	1	1	1	757	1564	49	20	0.000000	nN
2	1	97	0	0	0	1355	1544	143	50	-1	
3	1	97	1	0	0	1355	1544	143	50	-1	
4	1	97	1	1	0	1355	1544	143	50	-1	
5	1	97	1	1	1	1355	1540	55	64	66.457306	AR
5	1	97	1	1	2	1447	1540	54	64	55.199848	>)
2	1	98	0	0	0	1969	1569	29	30	-1	
3	1	98	1	0	0	1969	1569	29	30	-1	
4	1	98	1	1	0	1969	1569	29	30	-1	
5	1	98	1	1	1	1969	1585	2	14	76.837967	|
5	1	98	1	1	2	1995	1569	3	28	86.710159	|
2	1	99	0	0	0	2432	1554	48	30	-1	
3	1	99	1	0	0	2432	1554	48	30	-1	
4	1	99	1	1	0	2432	1554	48	30	-1	
5	1	99	1	1	1	2432	1554	48	30	0.000000	1By
2	1	100	0	0	0	706	1574	28	67	-1	
3	1	100	1	0	0	706	1574	28	67	-1	
4	1	100	1	1	0	706	1574	28	67	-1	
5	1	100	1	1	1	706	1574	28	67	29.526321	F
2	1	101	0	0	0	757	1621	49	23	-1	
3	1	101	1	0	0	757	1621	49	23	-1	
4	1	101	1	1	0	757	1621	49	23	-1	
5	1	101	1	1	1	757	1621	49	23	65.710526	to!
2	1	102	0	0	0	1178	1586	99	47	-1	
3	1	102	1	0	0	1178	1586	99	47	-1	
4	1	102	1	1	0	1178	1586	99	47	-1	
5	1	102	1	1	1	1178	1586	99	47	61.876022	‘th
2	1	103	0	0	0	2574	1631	17	6	-1	
3	1	103	1	0	0	2574	1631	17	6	-1	
4	1	103	1	1	0	2574	1631	17	6	-1	
5	1	103	1	1	1	2574	1631	17	6	78.867226	-
2	1	104	0	0	0	707	1650	83	111	-1	
3	1	104	1	0	0	707	1649	99	112	-1	
4	1	104	1	1	0	707	1650	83	111	-1	
5	1	104	1	1	1	707	1650	83	111	45.351620	2.
2	1	105	0	0	0	1499	1655	19	11	-1	
3	1	105	1	0	0	1499	1655	19	11	-1	
4	1	105	1	1	0	1499	1655	19	11	-1	
5	1	105	1	1	1	1499	1655	19	11	0.962006	ao
2	1	106	0	0	0	2432	1651	48	29	-1	
3	1	106	1	0	0	2432	1651	48	29	-1	
4	1	106	1	1	0	2432	1651	48	29	-1	
5	1	106	1	1	1	2432	1651	48	29	0.000000	By
2	1	107	0	0	0	2432	1618	48	38	-1	
3	1	107	1	0	0	2432	1618	48	38	-1	
4	1	107	1	1	0	2432	1618	48	38	-1	
5	1	107	1	1	1	2432	1618	48	38	43.165749	[ay
2	1	108	0	0	0	758	1699	49	15	-1	
3	1	108	1	0	0	758	1699	49	15	-1	
4	1	108	1	1	0	758	1699	49	15	-1	
5	1	108	1	1	1	758	1699	49	15	42.650986	mi
2	1	109	0	0	0	1189	1678	48	25	-1	
3	1	109	1	0	0	1189	1678	48	25	-1	
4	1	109	1	1	0	1189	1678	48	25	-1	
5	1	109	1	1	1	1189	1678	48	25	28.907417	fe
2	1	110	0	0	0	1273	1643	47	43	-1	
3	1	110	1	0	0	1273	1643	47	43	-1	
4	1	110	1	1	0	1273	1643	47	43	-1	
5	1	110	1	1	1	1273	1643	47	43	51.792938	+2
2	1	111	0	0	0	1379	1678	47	25	-1	
3	1	111	1	0	0	1379	1678	47	25	-1	
4	1	111	1	1	0	1379	1678	47	25	-1	
5	1	111	1	1	1	1379	1678	47	25	91.936188	Tu
2	1	112	0	0	0	1461	1666	58	50	-1	
3	1	112	1	0	0	1461	1666	58	50	-1	
4	1	112	1	1	0	1461	1666	58	50	-1	
5	1	112	1	1	1	1461	1666	58	50	12.614929	Fad
2	1	113	0	0	0	1968	1686	30	28	-1	
3	1	113	1	0	0	1968	1686	30	28	-1	
4	1	113	1	1	0	1968	1686	30	28	-1	
5	1	113	1	1	1	1968	1686	30	28	0.822845	|
2	1	114	0	0	0	2900	1675	58	13	-1	
3	1	114	1	0	0	2900	1675	58	13	-1	
4	1	114	1	1	0	2900	1675	58	13	-1	
5	1	114	1	1	1	2900	1675	58	13	54.484257	—
2	1	115	0	0	0	707	1694	27	67	-1	
3	1	115	1	0	0	707	1694	27	67	-1	
4	1	115	1	1	0	707	1694	27	67	-1	
5	1	115	1	1	1	707	1694	27	67	0.000000	B
2	1	116	0	0	0	758	1719	49	28	-1	
3	1	116	1	0	0	758	1719	49	28	-1	
4	1	116	1	1	0	758	1719	49	28	-1	
5	1	116	1	1	1	758	1719	49	28	23.399872	WI
2	1	117	0	0	0	2574	1743	120	7	-1	
3	1	117	1	0	0	2574	1743	120	7	-1	
4	1	117	1	1	0	2574	1743	120	7	-1	
5	1	117	1	1	1	2574	1743	120	7	28.021942	on
2	1	118	0	0	0	2751	1743	119	7	-1	
3	1	118	1	0	0	2751	1743	119	7	-1	
4	1	118	1	1	0	2751	1743	119	7	-1	
5	1	118	1	1	1	2751	1743	119	7	56.482128	—
2	1	119	0	0	0	421	1658	86	105	-1	
3	1	119	1	0	0	421	1658	86	105	-1	
4	1	119	1	1	0	421	1658	86	105	-1	
5	1	119	1	1	1	421	1658	86	105	61.896935	a
2	1	120	0	0	0	1239	1780	68	20	-1	
3	1	120	1	0	0	1239	1780	68	20	-1	
4	1	120	1	1	0	1239	1780	68	20	-1	
5	1	120	1	1	1	1239	1776	26	35	28.021133	YT
5	1	120	1	1	2	1284	1780	23	20	77.894592	=
2	1	121	0	0	0	2875	1793	120	8	-1	
3	1	121	1	0	0	2875	1793	120	8	-1	
4	1	121	1	1	0	2875	1793	120	8	-1	
5	1	121	1	1	1	2875	1793	20	8	76.895493	--
5	1	121	1	1	2	2928	1794	67	6	52.763588	+--
2	1	122	0	0	0	1179	1801	25	52	-1	
3	1	122	1	0	0	1179	1801	25	52	-1	
4	1	122	1	1	0	1179	1801	25	52	-1	
5	1	122	1	1	1	1179	1801	25	52	28.756363	‘|
2	1	123	0	0	0	2311	1810	48	31	-1	
3	1	123	1	0	0	2311	1810	48	31	-1	
4	1	123	1	1	0	2311	1810	48	31	-1	
5	1	123	1	1	1	2311	1810	48	31	52.615948	lol
2	1	124	0	0	0	2432	1808	48	36	-1	
3	1	124	1	0	0	2432	1808	48	36	-1	
4	1	124	1	1	0	2432	1808	48	36	-1	
5	1	124	1	1	1	2432	1808	48	36	40.509132	rst
2	1	125	0	0	0	2311	1847	48	28	-1	
3	1	125	1	0	0	2311	1847	48	28	-1	
4	1	125	1	1	0	2311	1847	48	28	-1	
5	1	125	1	1	1	2311	1847	48	28	25.411499	I~]
2	1	126	0	0	0	2916	1870	78	5	-1	
3	1	126	1	0	0	2916	1870	78	5	-1	
4	1	126	1	1	0	2916	1870	78	5	-1	
5	1	126	1	1	1	2916	1870	78	5	0.000000	—S
2	1	127	0	0	0	393	1745	411	220	-1	
3	1	127	1	0	0	393	1745	411	220	-1	
4	1	127	1	1	0	393	1745	411	220	-1	
5	1	127	1	1	1	393	1745	71	107	28.341576	=
5	1	127	1	1	2	541	1787	263	178	28.341576	BBG)
2	1	128	0	0	0	2053	1903	20	13	-1	
3	1	128	1	0	0	2053	1903	20	13	-1	
4	1	128	1	1	0	2053	1903	20	13	-1	
5	1	128	1	1	1	2053	1903	20	13	61.825924	ia)
2	1	129	0	0	0	2311	1877	70	39	-1	
3	1	129	1	0	0	2311	1877	70	39	-1	
4	1	129	1	1	0	2311	1877	70	39	-1	
5	1	129	1	1	1	2311	1877	70	39	0.000000	elo
2	1	130	0	0	0	2432	1873	48	33	-1	
3	1	130	1	0	0	2432	1873	48	33	-1	
4	1	130	1	1	0	2432	1873	48	33	-1	
5	1	130	1	1	1	2432	1873	48	33	0.000000	By
2	1	131	0	0	0	1460	1902	72	36	-1	
3	1	131	1	0	0	1460	1902	72	36	-1	
4	1	131	1	1	0	1460	1902	72	36	-1	
5	1	131	1	1	1	1460	1902	72	36	71.143532	Tol,
2	1	132	0	0	0	1837	1937	41	7	-1	
3	1	132	1	0	0	1837	1937	41	7	-1	
4	1	132	1	1	0	1837	1937	41	7	-1	
5	1	132	1	1	1	1837	1937	41	7	37.938148	she
2	1	133	0	0	0	1926	1938	33	8	-1	
3	1	133	1	0	0	1926	1938	33	8	-1	
4	1	133	1	1	0	1926	1938	33	8	-1	
5	1	133	1	1	1	1926	1938	33	8	22.526413	se
2	1	134	0	0	0	2311	1913	70	48	-1	
3	1	134	1	0	0	2311	1913	70	48	-1	
4	1	134	1	1	0	2311	1913	70	48	-1	
5	1	134	1	1	1	2311	1913	70	48	0.000000	'e18
2	1	135	0	0	0	2576	1919	118	6	-1	
3	1	135	1	0	0	2576	1919	118	6	-1	
4	1	135	1	1	0	2576	1919	118	6	-1	
5	1	135	1	1	1	2576	1919	118	6	17.355690	—
2	1	136	0	0	0	2750	1919	119	6	-1	
3	1	136	1	0	0	2750	1919	119	6	-1	
4	1	136	1	1	0	2750	1919	119	6	-1	
5	1	136	1	1	1	2750	1919	119	6	0.000000	——
2	1	137	0	0	0	713	1916	91	101	-1	
3	1	137	1	0	0	713	1916	91	101	-1	
4	1	137	1	1	0	713	1916	91	101	-1	
5	1	137	1	1	1	713	1916	91	101	43.771957	a
2	1	138	0	0	0	1302	1943	27	24	-1	
3	1	138	1	0	0	1302	1943	27	24	-1	
4	1	138	1	1	0	1302	1943	27	24	-1	
5	1	138	1	1	1	1302	1943	27	24	82.980019	{2
2	1	139	0	0	0	1459	1926	73	33	-1	
3	1	139	1	0	0	1459	1926	73	33	-1	
4	1	139	1	1	0	1459	1926	73	33	-1	
5	1	139	1	1	1	1459	1926	73	33	46.674633	pais
2	1	140	0	0	0	2053	1975	20	11	-1	
3	1	140	1	0	0	2053	1975	20	11	-1	
4	1	140	1	1	0	2053	1975	20	11	-1	
5	1	140	1	1	1	2053	1975	20	11	45.366203	oO
2	1	141	0	0	0	2311	1942	69	45	-1	
3	1	141	1	0	0	2311	1942	69	45	-1	
4	1	141	1	1	0	2311	1942	69	45	-1	
5	1	141	1	1	1	2311	1951	2	17	34.760063	|
5	1	141	1	1	2	2329	1942	51	45	0.000000	ory
2	1	142	0	0	0	2433	1936	47	35	-1	
3	1	142	1	0	0	2433	1936	47	35	-1	
4	1	142	1	1	0	2433	1936	47	35	-1	
5	1	142	1	1	1	2433	1936	47	35	29.980453	(iy
2	1	143	0	0	0	392	1909	248	112	-1	
3	1	143	1	0	0	392	1909	248	112	-1	
4	1	143	1	1	0	392	1909	248	112	-1	
5	1	143	1	1	1	392	1909	127	112	54.303013	Sol
5	1	143	1	1	2	548	1914	27	84	65.202255	&
5	1	143	1	1	3	613	1916	27	95	0.000000	§
2	1	144	0	0	0	1301	1980	28	23	-1	
3	1	144	1	0	0	1301	1980	28	23	-1	
4	1	144	1	1	0	1301	1980	28	23	-1	
5	1	144	1	1	1	1301	1980	28	23	56.121288	w
2	1	145	0	0	0	1460	1964	73	30	-1	
3	1	145	1	0	0	1460	1964	73	30	-1	
4	1	145	1	1	0	1460	1964	73	30	-1	
5	1	145	1	1	1	1460	1964	31	27	38.316681	{@
5	1	145	1	1	2	1505	1969	28	25	42.317806	Jo
2	1	146	0	0	0	2310	1980	32	18	-1	
3	1	146	1	0	0	2310	1980	32	18	-1	
4	1	146	1	1	0	2310	1980	32	18	-1	
5	1	146	1	1	1	2310	1980	32	18	33.169746	1
2	1	147	0	0	0	2325	1994	33	21	-1	
3	1	147	1	0	0	2325	1994	33	21	-1	
4	1	147	1	1	0	2325	1994	33	21	-1	
5	1	147	1	1	1	2325	1994	33	21	30.977104	~4|
2	1	148	0	0	0	1338	1936	115	118	-1	
3	1	148	1	0	0	1338	1936	115	118	-1	
4	1	148	1	1	0	1338	1936	115	118	-1	
5	1	148	1	1	1	1338	1936	115	118	39.972305	th
2	1	149	0	0	0	2310	2018	46	17	-1	
3	1	149	1	0	0	2310	2018	46	17	-1	
4	1	149	1	1	0	2310	2018	46	17	-1	
5	1	149	1	1	1	2310	2018	46	17	79.138046	Lo
2	1	150	0	0	0	2432	2016	48	42	-1	
3	1	150	1	0	0	2432	2016	48	42	-1	
4	1	150	1	1	0	2432	2016	48	42	-1	
5	1	150	1	1	1	2432	2016	48	42	41.744629	In!
2	1	151	0	0	0	2574	2012	121	24	-1	
3	1	151	1	0	0	2574	2012	121	24	-1	
4	1	151	1	1	0	2574	2012	121	24	-1	
5	1	151	1	1	1	2574	2012	121	24	0.000000	>t.
2	1	152	0	0	0	2750	2030	119	6	-1	
3	1	152	1	0	0	2750	2030	119	6	-1	
4	1	152	1	1	0	2750	2030	119	6	-1	
5	1	152	1	1	1	2750	2030	119	6	8.525131	——
2	1	153	0	0	0	1084	2047	20	15	-1	
3	1	153	1	0	0	1084	2047	20	15	-1	
4	1	153	1	1	0	1084	2047	20	15	-1	
5	1	153	1	1	1	1084	2047	20	15	54.424164	oO
2	1	154	0	0	0	1372	2077	66	20	-1	
3	1	154	1	0	0	1372	2077	66	20	-1	
4	1	154	1	1	0	1372	2077	66	20	-1	
5	1	154	1	1	1	1372	2077	66	20	89.648735	R857
2	1	155	0	0	0	1259	2117	48	40	-1	
3	1	155	1	0	0	1259	2117	48	40	-1	
4	1	155	1	1	0	1259	2117	48	40	-1	
5	1	155	1	1	1	1259	2117	48	40	32.472488	i
2	1	156	0	0	0	1373	2134	60	17	-1	
3	1	156	1	0	0	1373	2134	60	17	-1	
4	1	156	1	1	0	1373	2134	60	17	-1	
5	1	156	1	1	1	1373	2134	60	17	54.284557	R861
2	1	157	0	0	0	2432	2127	46	24	-1	
3	1	157	1	0	0	2432	2127	46	24	-1	
4	1	157	1	1	0	2432	2127	46	24	-1	
5	1	157	1	1	1	2432	2127	46	24	33.993477	ial
2	1	158	0	0	0	1301	2159	70	35	-1	
3	1	158	1	0	0	1301	2159	70	35	-1	
4	1	158	1	1	0	1301	2159	70	35	-1	
5	1	158	1	1	1	1301	2159	70	35	0.000000	Rass
2	1	159	0	0	0	1312	2156	87	7	-1	
3	1	159	1	0	0	1312	2156	87	7	-1	
4	1	159	1	1	0	1312	2156	87	7	-1	
5	1	159	1	1	1	1312	2156	87	7	23.928276	_—
2	1	160	0	0	0	2432	2158	48	24	-1	
3	1	160	1	0	0	2432	2158	48	24	-1	
4	1	160	1	1	0	2432	2158	48	24	-1	
5	1	160	1	1	1	2432	2158	48	24	56.222229	1a!
2	1	161	0	0	0	2576	2156	55	6	-1	
3	1	161	1	0	0	2576	2156	55	6	-1	
4	1	161	1	1	0	2576	2156	55	6	-1	
5	1	161	1	1	1	2576	2156	55	6	0.000000	——_
2	1	162	0	0	0	2900	2158	120	6	-1	
3	1	162	1	0	0	2900	2158	120	6	-1	
4	1	162	1	1	0	2900	2158	120	6	-1	
5	1	162	1	1	1	2900	2158	94	6	1.968086	a.
2	1	163	0	0	0	2432	2191	47	34	-1	
3	1	163	1	0	0	2432	2191	47	34	-1	
4	1	163	1	1	0	2432	2191	47	34	-1	
5	1	163	1	1	1	2432	2191	47	34	65.553375	jal
2	1	164	0	0	0	1301	2223	70	42	-1	
3	1	164	1	0	0	1301	2223	70	42	-1	
4	1	164	1	1	0	1301	2223	70	42	-1	
5	1	164	1	1	1	1301	2223	70	42	15.761421	t-<
2	1	165	0	0	0	2430	2226	33	37	-1	
3	1	165	1	0	0	2430	2226	33	37	-1	
4	1	165	1	1	0	2430	2226	33	37	-1	
5	1	165	1	1	1	2430	2226	33	37	73.244888	{3
2	1	166	0	0	0	1418	2231	57	65	-1	
3	1	166	1	0	0	1418	2231	57	65	-1	
4	1	166	1	1	0	1418	2231	57	65	-1	
5	1	166	1	1	1	1418	2251	21	45	70.464417	=
5	1	166	1	1	2	1468	2231	7	56	82.548676	|
2	1	167	0	0	0	1481	2260	19	11	-1	
3	1	167	1	0	0	1481	2260	19	11	-1	
4	1	167	1	1	0	1481	2260	19	11	-1	
5	1	167	1	1	1	1481	2260	19	11	34.410400	oO
2	1	168	0	0	0	1960	2239	36	32	-1	
3	1	168	1	0	0	1960	2239	36	32	-1	
4	1	168	1	1	0	1960	2239	36	32	-1	
5	1	168	1	1	1	1960	2244	20	27	23.700768	<
5	1	168	1	1	2	1994	2239	2	15	55.303108	|
2	1	169	0	0	0	2445	2262	35	24	-1	
3	1	169	1	0	0	2445	2262	35	24	-1	
4	1	169	1	1	0	2445	2262	35	24	-1	
5	1	169	1	1	1	2445	2262	35	24	40.537220	at
2	1	170	0	0	0	1179	2187	116	113	-1	
3	1	170	1	0	0	1179	2187	116	113	-1	
4	1	170	1	1	0	1179	2187	116	113	-1	
5	1	170	1	1	1	1179	2187	116	113	18.730240	1H
2	1	171	0	0	0	2444	2297	35	24	-1	
3	1	171	1	0	0	2444	2297	35	24	-1	
4	1	171	1	1	0	2444	2297	35	24	-1	
5	1	171	1	1	1	2444	2297	35	24	24.501755	|
2	1	172	0	0	0	2446	2332	32	15	-1	
3	1	172	1	0	0	2446	2332	32	15	-1	
4	1	172	1	1	0	2446	2332	32	15	-1	
5	1	172	1	1	1	2446	2334	16	5	51.374199	and
5	1	172	1	1	2	2477	2332	1	15	95.661026	|
2	1	173	0	0	0	2574	2318	119	21	-1	
3	1	173	1	0	0	2574	2318	119	21	-1	
4	1	173	1	1	0	2574	2318	119	21	-1	
5	1	173	1	1	1	2574	2318	47	21	0.000000	>
5	1	173	1	1	2	2660	2333	33	5	0.000000	_/
2	1	174	0	0	0	1299	2344	71	28	-1	
3	1	174	1	0	0	1299	2344	71	28	-1	
4	1	174	1	1	0	1299	2344	71	28	-1	
5	1	174	1	1	1	1299	2344	71	28	6.698242	Jpes2
2	1	175	0	0	0	2445	2354	34	36	-1	
3	1	175	1	0	0	2445	2354	34	36	-1	
4	1	175	1	1	0	2445	2354	34	36	-1	
5	1	175	1	1	1	2445	2354	34	36	14.090332	——
2	1	176	0	0	0	1309	2401	62	18	-1	
3	1	176	1	0	0	1309	2401	62	18	-1	
4	1	176	1	1	0	1309	2401	62	18	-1	
5	1	176	1	1	1	1309	2401	62	18	79.602478	R854
2	1	177	0	0	0	1311	2425	57	7	-1	
3	1	177	1	0	0	1311	2425	57	7	-1	
4	1	177	1	1	0	1311	2425	57	7	-1	
5	1	177	1	1	1	1311	2425	57	7	24.794785	-_—
2	1	178	0	0	0	2432	2387	32	16	-1	
3	1	178	1	0	0	2432	2387	32	16	-1	
4	1	178	1	1	0	2432	2387	32	16	-1	
5	1	178	1	1	1	2432	2387	32	16	16.985107	Oo
2	1	179	0	0	0	2573	2426	121	6	-1	
3	1	179	1	0	0	2573	2426	121	6	-1	
4	1	179	1	1	0	2573	2426	121	6	-1	
5	1	179	1	1	1	2573	2426	121	6	74.656181	—
2	1	180	0	0	0	316	2430	38	20	-1	
3	1	180	1	0	0	316	2430	38	20	-1	
4	1	180	1	1	0	316	2430	38	20	-1	
5	1	180	1	1	1	316	2430	38	20	37.028702	Cc
2	1	181	0	0	0	411	2421	165	29	-1	
3	1	181	1	0	0	411	2421	165	29	-1	
4	1	181	1	1	0	411	2421	165	29	-1	
5	1	181	1	1	1	411	2417	76	38	17.952911	p+~o°
5	1	181	1	1	2	501	2417	77	38	31.703552	0-+-—
2	1	182	0	0	0	1418	2439	72	27	-1	
3	1	182	1	0	0	1418	2439	72	27	-1	
4	1	182	1	1	0	1418	2439	72	27	-1	
5	1	182	1	1	1	1414	2435	24	43	34.647629	nd
5	1	182	1	1	2	1453	2439	37	27	0.000000	[e)
2	1	183	0	0	0	2311	2431	46	19	-1	
3	1	183	1	0	0	2311	2431	46	19	-1	
4	1	183	1	1	0	2311	2431	46	19	-1	
5	1	183	1	1	1	2311	2431	46	19	64.944351	(an)
2	1	184	0	0	0	2324	2445	33	15	-1	
3	1	184	1	0	0	2324	2445	33	15	-1	
4	1	184	1	1	0	2324	2445	33	15	-1	
5	1	184	1	1	1	2324	2445	33	15	83.203430	@i
2	1	185	0	0	0	2430	2412	35	23	-1	
3	1	185	1	0	0	2430	2412	35	23	-1	
4	1	185	1	1	0	2430	2412	35	23	-1	
5	1	185	1	1	1	2430	2412	35	23	89.989754	lo
2	1	186	0	0	0	418	2457	158	32	-1	
3	1	186	1	0	0	418	2457	158	32	-1	
4	1	186	1	1	0	418	2457	158	32	-1	
5	1	186	1	1	1	418	2457	158	32	29.312752	tego
2	1	187	0	0	0	2311	2466	47	26	-1	
3	1	187	1	0	0	2311	2466	47	26	-1	
4	1	187	1	1	0	2311	2466	47	26	-1	
5	1	187	1	1	1	2311	2466	47	26	67.149185	In|
2	1	188	0	0	0	2432	2445	46	24	-1	
3	1	188	1	0	0	2432	2445	46	24	-1	
4	1	188	1	1	0	2432	2445	46	24	-1	
5	1	188	1	1	1	2432	2445	46	24	15.950119	j~!
2	1	189	0	0	0	2432	2468	48	29	-1	
3	1	189	1	0	0	2432	2468	48	29	-1	
4	1	189	1	1	0	2432	2468	48	29	-1	
5	1	189	1	1	1	2432	2468	48	29	55.157108	rol
2	1	190	0	0	0	2311	2498	69	27	-1	
3	1	190	1	0	0	2311	2498	69	27	-1	
4	1	190	1	1	0	2311	2498	69	27	-1	
5	1	190	1	1	1	2311	2498	69	27	0.526489	;Opn
2	1	191	0	0	0	2575	2506	119	20	-1	
3	1	191	1	0	0	2575	2506	119	20	-1	
4	1	191	1	1	0	2575	2506	119	20	-1	
5	1	191	1	1	1	2575	2506	119	20	0.000000	>~t.-<
2	1	192	0	0	0	312	2556	31	11	-1	
3	1	192	1	0	0	312	2556	31	11	-1	
4	1	192	1	1	0	312	2556	31	11	-1	
5	1	192	1	1	1	312	2556	31	11	18.100449	a«
2	1	193	0	0	0	385	2529	45	40	-1	
3	1	193	1	0	0	385	2529	45	40	-1	
4	1	193	1	1	0	385	2529	45	40	-1	
5	1	193	1	1	1	385	2558	14	11	59.678978	a
5	1	193	1	1	2	414	2529	16	37	40.446514	|
2	1	194	0	0	0	2311	2532	69	36	-1	
3	1	194	1	0	0	2311	2532	69	36	-1	
4	1	194	1	1	0	2311	2532	69	36	-1	
5	1	194	1	1	1	2311	2532	69	36	21.288063	alg
2	1	195	0	0	0	2431	2514	33	28	-1	
3	1	195	1	0	0	2431	2514	33	28	-1	
4	1	195	1	1	0	2431	2514	33	28	-1	
5	1	195	1	1	1	2431	2514	33	28	63.837997	1?
2	1	196	0	0	0	2446	2542	33	21	-1	
3	1	196	1	0	0	2446	2542	33	21	-1	
4	1	196	1	1	0	2446	2542	33	21	-1	
5	1	196	1	1	1	2446	2542	33	21	34.549950	>i
2	1	197	0	0	0	312	2567	39	15	-1	
3	1	197	1	0	0	312	2567	39	15	-1	
4	1	197	1	1	0	312	2567	39	15	-1	
5	1	197	1	1	1	312	2567	39	15	49.492283	eo
2	1	198	0	0	0	1678	2561	60	22	-1	
3	1	198	1	0	0	1678	2561	60	22	-1	
4	1	198	1	1	0	1678	2561	60	22	-1	
5	1	198	1	1	1	1678	2561	60	22	30.044983	eos
2	1	199	0	0	0	2324	2568	55	23	-1	
3	1	199	1	0	0	2324	2568	55	23	-1	
4	1	199	1	1	0	2324	2568	55	23	-1	
5	1	199	1	1	1	2324	2568	55	23	46.595024	win
2	1	200	0	0	0	312	2601	39	13	-1	
3	1	200	1	0	0	312	2601	39	13	-1	
4	1	200	1	1	0	312	2601	39	13	-1	
5	1	200	1	1	1	312	2601	39	13	26.089928	0?
2	1	201	0	0	0	312	2585	89	19	-1	
3	1	201	1	0	0	312	2585	89	19	-1	
4	1	201	1	1	0	312	2585	89	19	-1	
5	1	201	1	1	1	312	2585	89	19	16.850479	@2%to
2	1	202	0	0	0	679	2498	55	114	-1	
3	1	202	1	0	0	679	2498	55	114	-1	
4	1	202	1	1	0	679	2498	55	114	-1	
5	1	202	1	1	1	679	2498	55	114	59.713547	1
2	1	203	0	0	0	1668	2588	70	25	-1	
3	1	203	1	0	0	1668	2588	70	25	-1	
4	1	203	1	1	0	1668	2588	70	25	-1	
5	1	203	1	1	1	1668	2588	70	25	0.000000	olet
2	1	204	0	0	0	2323	2598	35	25	-1	
3	1	204	1	0	0	2323	2598	35	25	-1	
4	1	204	1	1	0	2323	2598	35	25	-1	
5	1	204	1	1	1	2323	2598	35	25	38.307617	1
2	1	205	0	0	0	2430	2595	50	37	-1	
3	1	205	1	0	0	2430	2595	50	37	-1	
4	1	205	1	1	0	2430	2595	50	37	-1	
5	1	205	1	1	1	2430	2595	50	37	67.654121	In}
2	1	206	0	0	0	309	2655	43	10	-1	
3	1	206	1	0	0	309	2655	43	10	-1	
4	1	206	1	1	0	309	2655	43	10	-1	
5	1	206	1	1	1	309	2655	43	10	90.213898	eo
2	1	207	0	0	0	1687	2624	49	20	-1	
3	1	207	1	0	0	1687	2624	49	20	-1	
4	1	207	1	1	0	1687	2624	49	20	-1	
5	1	207	1	1	1	1687	2624	49	20	0.000000	bo]
2	1	208	0	0	0	2310	2618	47	39	-1	
3	1	208	1	0	0	2310	2618	47	39	-1	
4	1	208	1	1	0	2310	2618	47	39	-1	
5	1	208	1	1	1	2310	2618	47	39	0.000000	=)
2	1	209	0	0	0	2445	2641	33	30	-1	
3	1	209	1	0	0	2445	2641	33	30	-1	
4	1	209	1	1	0	2445	2641	33	30	-1	
5	1	209	1	1	1	2445	2641	33	30	75.127953	“J
2	1	210	0	0	0	2528	2635	33	53	-1	
3	1	210	1	0	0	2528	2635	33	53	-1	
4	1	210	1	1	0	2528	2635	33	53	-1	
5	1	210	1	1	1	2528	2635	33	53	63.661263	4
2	1	211	0	0	0	2754	2633	31	51	-1	
3	1	211	1	0	0	2754	2633	31	51	-1	
4	1	211	1	1	0	2754	2633	31	51	-1	
5	1	211	1	1	1	2754	2633	31	51	0.000000	4
2	1	212	0	0	0	2864	2635	32	51	-1	
3	1	212	1	0	0	2864	2635	32	51	-1	
4	1	212	1	1	0	2864	2635	32	51	-1	
5	1	212	1	1	1	2864	2635	32	51	84.508827	8
2	1	213	0	0	0	2976	2632	36	61	-1	
3	1	213	1	0	0	2976	2632	36	61	-1	
4	1	213	1	1	0	2976	2632	36	61	-1	
5	1	213	1	1	1	2976	2632	36	61	0.189392	eS
2	1	214	0	0	0	1687	2648	51	28	-1	
3	1	214	1	0	0	1687	2648	51	28	-1	
4	1	214	1	1	0	1687	2648	51	28	-1	
5	1	214	1	1	1	1687	2648	51	28	34.869576	es
5	1	214	1	1	2	1734	2644	8	41	47.710644	|
2	1	215	0	0	0	715	2657	55	71	-1	
3	1	215	1	0	0	715	2657	55	71	-1	
4	1	215	1	1	0	715	2657	55	71	-1	
5	1	215	1	1	1	715	2657	55	71	13.370926	C
2	1	216	0	0	0	786	2687	23	40	-1	
3	1	216	1	0	0	786	2687	23	40	-1	
4	1	216	1	1	0	786	2687	23	40	-1	
5	1	216	1	1	1	786	2687	23	40	38.428268	“]
2	1	217	0	0	0	2311	2799	47	30	-1	
3	1	217	1	0	0	2311	2799	47	30	-1	
4	1	217	1	1	0	2311	2799	47	30	-1	
5	1	217	1	1	1	2311	2799	47	30	50.425552	ro
2	1	218	0	0	0	2311	2830	47	54	-1	
3	1	218	1	0	0	2311	2830	47	54	-1	
4	1	218	1	1	0	2311	2830	47	54	-1	
5	1	218	1	1	1	2311	2830	47	54	88.439049	—
2	1	219	0	0	0	2362	2636	682	321	-1	
3	1	219	1	0	0	2362	2636	685	321	-1	
4	1	219	1	1	0	2362	2636	682	321	-1	
5	1	219	1	1	1	2362	2636	682	321	0.000000	poped
2	1	220	0	0	0	1778	2862	103	26	-1	
3	1	220	1	0	0	1778	2862	103	26	-1	
4	1	220	1	1	0	1778	2862	103	26	-1	
5	1	220	1	1	1	1778	2862	44	26	62.658638	Ge
5	1	220	1	1	2	1844	2885	37	3	62.658638	__
2	1	221	0	0	0	1923	2871	72	18	-1	
3	1	221	1	0	0	1923	2871	72	18	-1	
4	1	221	1	1	0	1923	2871	72	18	-1	
5	1	221	1	1	1	1923	2871	72	18	0.000000	+
2	1	222	0	0	0	2311	2857	69	48	-1	
3	1	222	1	0	0	2311	2857	69	48	-1	
4	1	222	1	1	0	2311	2857	69	48	-1	
5	1	222	1	1	1	2311	2857	69	48	0.000000	Its
2	1	223	0	0	0	2311	2891	69	40	-1	
3	1	223	1	0	0	2311	2891	69	40	-1	
4	1	223	1	1	0	2311	2891	69	40	-1	
5	1	223	1	1	1	2311	2891	69	40	14.427170	(fla
2	1	224	0	0	0	2311	2934	47	27	-1	
3	1	224	1	0	0	2311	2934	47	27	-1	
4	1	224	1	1	0	2311	2934	47	27	-1	
5	1	224	1	1	1	2311	2934	47	27	23.198975	jal
2	1	225	0	0	0	2323	2968	35	26	-1	
3	1	225	1	0	0	2323	2968	35	26	-1	
4	1	225	1	1	0	2323	2968	35	26	-1	
5	1	225	1	1	1	2323	2968	35	26	45.040672	|
2	1	226	0	0	0	2325	2998	16	5	-1	
3	1	226	1	0	0	2325	2998	16	5	-1	
4	1	226	1	1	0	2325	2998	16	5	-1	
5	1	226	1	1	1	2325	2998	16	5	39.339027	-
2	1	227	0	0	0	2454	2970	30	25	-1	
3	1	227	1	0	0	2454	2970	30	25	-1	
4	1	227	1	1	0	2454	2970	30	25	-1	
5	1	227	1	1	1	2454	2970	30	25	94.094322	©
2	1	228	0	0	0	2321	3006	36	18	-1	
3	1	228	1	0	0	2321	3006	36	18	-1	
4	1	228	1	1	0	2321	3006	36	18	-1	
5	1	228	1	1	1	2321	3006	36	18	31.863281	ye
2	1	229	0	0	0	2455	3030	29	7	-1	
3	1	229	1	0	0	2455	3030	29	7	-1	
4	1	229	1	1	0	2455	3030	29	7	-1	
5	1	229	1	1	1	2455	3030	29	7	34.447014	_—
2	1	230	0	0	0	2455	3000	30	22	-1	
3	1	230	1	0	0	2455	3000	30	22	-1	
4	1	230	1	1	0	2455	3000	30	22	-1	
5	1	230	1	1	1	2455	3000	30	22	83.282127	o
2	1	231	0	0	0	2376	2958	74	119	-1	
3	1	231	1	0	0	2376	2958	74	119	-1	
4	1	231	1	1	0	2376	2958	74	119	-1	
5	1	231	1	1	1	2376	2958	74	119	19.051476	E)
2	1	232	0	0	0	2456	3046	29	23	-1	
3	1	232	1	0	0	2456	3046	29	23	-1	
4	1	232	1	1	0	2456	3046	29	23	-1	
5	1	232	1	1	1	2456	3046	29	23	64.122787	o
2	1	233	0	0	0	2473	2869	81	207	-1	
3	1	233	1	0	0	2473	2869	85	207	-1	
4	1	233	1	1	0	2473	2869	81	207	-1	
5	1	233	1	1	1	2473	2869	81	207	41.903988	a
2	1	234	0	0	0	408	3217	197	41	-1	
3	1	234	1	0	0	408	3217	197	41	-1	
4	1	234	1	1	0	408	3217	197	41	-1	
5	1	234	1	1	1	408	3223	37	31	52.450981	to
5	1	234	1	1	2	458	3217	28	41	63.947563	lp
5	1	234	1	1	3	504	3222	20	29	33.931358	tn
5	1	234	1	1	4	540	3217	22	41	27.966408	tp
5	1	234	1	1	5	580	3221	25	27	63.429169	tr
2	1	235	0	0	0	657	3221	30	19	-1	
3	1	235	1	0	0	657	3221	30	19	-1	
4	1	235	1	1	0	657	3221	30	19	-1	
5	1	235	1	1	1	657	3221	30	19	93.088066	lo
2	1	236	0	0	0	416	3263	5	18	-1	
3	1	236	1	0	0	416	3263	5	18	-1	
4	1	236	1	1	0	416	3263	5	18	-1	
5	1	236	1	1	1	416	3263	5	18	0.000000	'
2	1	237	0	0	0	407	3253	77	11	-1	
3	1	237	1	0	0	407	3253	77	11	-1	
4	1	237	1	1	0	407	3253	77	11	-1	
5	1	237	1	1	1	407	3246	40	18	78.041130	=s
5	1	237	1	1	2	466	3244	20	19	0.000000	°c
2	1	238	0	0	0	466	3269	3	12	-1	
3	1	238	1	0	0	466	3269	3	12	-1	
4	1	238	1	1	0	466	3269	3	12	-1	
5	1	238	1	1	1	466	3269	3	12	52.831451	!
2	1	239	0	0	0	505	3244	105	37	-1	
3	1	239	1	0	0	505	3244	105	37	-1	
4	1	239	1	1	0	505	3244	105	37	-1	
5	1	239	1	1	1	505	3257	42	24	4.505836	a
5	1	239	1	1	2	580	3244	30	37	42.399727	je
2	1	240	0	0	0	642	3261	20	19	-1	
3	1	240	1	0	0	642	3261	20	19	-1	
4	1	240	1	1	0	642	3261	20	19	-1	
5	1	240	1	1	1	642	3261	20	19	55.571136	“I
2	1	241	0	0	0	658	3337	33	9	-1	
3	1	241	1	0	0	658	3337	33	9	-1	
4	1	241	1	1	0	658	3337	33	9	-1	
5	1	241	1	1	1	658	3337	33	9	0.000000	i:
2	1	242	0	0	0	707	3341	16	6	-1	
3	1	242	1	0	0	707	3341	16	6	-1	
4	1	242	1	1	0	707	3341	16	6	-1	
5	1	242	1	1	1	707	3341	16	6	89.768028	-
2	1	243	0	0	0	2570	3319	110	31	-1	
3	1	243	1	0	0	2570	3319	110	31	-1	
4	1	243	1	1	0	2570	3319	110	31	-1	
5	1	243	1	1	1	2570	3322	52	28	73.650024	op
5	1	243	1	1	2	2634	3319	46	25	31.920288	Ow
2	1	244	0	0	0	2780	3296	56	24	-1	
3	1	244	1	0	0	2780	3296	56	24	-1	
4	1	244	1	1	0	2780	3296	56	24	-1	
5	1	244	1	1	1	2780	3296	56	24	33.622429	+g-
2	1	245	0	0	0	396	3357	19	20	-1	
3	1	245	1	0	0	396	3357	19	20	-1	
4	1	245	1	1	0	396	3357	19	20	-1	
5	1	245	1	1	1	396	3357	19	20	12.793991	'e
2	1	246	0	0	0	674	3364	49	10	-1	
3	1	246	1	0	0	674	3364	49	10	-1	
4	1	246	1	1	0	674	3364	49	10	-1	
5	1	246	1	1	1	674	3364	49	10	50.345531	nue
2	1	247	0	0	0	805	3357	49	22	-1	
3	1	247	1	0	0	805	3357	49	22	-1	
4	1	247	1	1	0	805	3357	49	22	-1	
5	1	247	1	1	1	805	3357	49	22	83.429199	@5
2	1	248	0	0	0	807	3337	47	18	-1	
3	1	248	1	0	0	807	3337	47	18	-1	
4	1	248	1	1	0	807	3337	47	18	-1	
5	1	248	1	1	1	807	3337	47	18	56.363403	Pow
2	1	249	0	0	0	2562	3357	110	13	-1	
3	1	249	1	0	0	2562	3357	110	13	-1	
4	1	249	1	1	0	2562	3357	110	13	-1	
5	1	249	1	1	1	2562	3357	110	13	0.000000	7.
5	1	249	1	1	2	2646	3353	30	24	12.159729	tr
2	1	250	0	0	0	658	3386	64	14	-1	
3	1	250	1	0	0	658	3386	64	14	-1	
4	1	250	1	1	0	658	3386	64	14	-1	
5	1	250	1	1	1	658	3386	64	14	77.406311	‘ewe
2	1	251	0	0	0	805	3385	56	25	-1	
3	1	251	1	0	0	805	3385	56	25	-1	
4	1	251	1	1	0	805	3385	56	25	-1	
5	1	251	1	1	1	805	3385	56	25	80.446274	On
2	1	252	0	0	0	2517	3376	198	27	-1	
3	1	252	1	0	0	2517	3376	198	27	-1	
4	1	252	1	1	0	2517	3376	198	27	-1	
5	1	252	1	1	1	2517	3376	198	27	0.000000	olofd,”
5	1	252	1	1	2	2696	3372	21	40	66.238319	-
2	1	253	0	0	0	2716	3367	83	20	-1	
3	1	253	1	0	0	2716	3367	83	20	-1	
4	1	253	1	1	0	2716	3367	83	20	-1	
5	1	253	1	1	1	2716	3367	83	20	0.000000	L6e"+
2	1	254	0	0	0	675	3413	15	11	-1	
3	1	254	1	0	0	675	3413	15	11	-1	
4	1	254	1	1	0	675	3413	15	11	-1	
5	1	254	1	1	1	675	3413	15	11	0.000000	.
2	1	255	0	0	0	675	3438	17	11	-1	
3	1	255	1	0	0	675	3438	17	11	-1	
4	1	255	1	1	0	675	3438	17	11	-1	
5	1	255	1	1	1	675	3438	17	11	46.772881	wo
2	1	256	0	0	0	727	3439	9	5	-1	
3	1	256	1	0	0	727	3439	9	5	-1	
4	1	256	1	1	0	727	3439	9	5	-1	
5	1	256	1	1	1	727	3439	9	5	62.901543	>
2	1	257	0	0	0	805	3413	55	17	-1	
3	1	257	1	0	0	805	3413	55	17	-1	
4	1	257	1	1	0	805	3413	55	17	-1	
5	1	257	1	1	1	805	3413	55	17	72.549179	oo
2	1	258	0	0	0	2485	3308	74	116	-1	
3	1	258	1	0	0	2485	3308	74	116	-1	
4	1	258	1	1	0	2485	3308	74	116	-1	
5	1	258	1	1	1	2485	3308	74	116	58.406052	é
2	1	259	0	0	0	2584	3415	39	6	-1	
3	1	259	1	0	0	2584	3415	39	6	-1	
4	1	259	1	1	0	2584	3415	39	6	-1	
5	1	259	1	1	1	2584	3415	39	6	64.665970	-=
2	1	260	0	0	0	805	3435	56	23	-1	
3	1	260	1	0	0	805	3435	56	23	-1	
4	1	260	1	1	0	805	3435	56	23	-1	
5	1	260	1	1	1	805	3435	56	23	29.979073	™@o
2	1	261	0	0	0	2664	3467	73	39	-1	
3	1	261	1	0	0	2664	3467	73	39	-1	
4	1	261	1	1	0	2664	3467	73	39	-1	
5	1	261	1	1	1	2664	3467	15	35	0.000000	L
2	1	262	0	0	0	2974	3460	68	35	-1	
3	1	262	1	0	0	2974	3460	68	35	-1	
4	1	262	1	1	0	2974	3460	68	35	-1	
5	1	262	1	1	1	2974	3460	68	35	0.000000	ja!
2	1	263	0	0	0	2987	3498	56	14	-1	
3	1	263	1	0	0	2987	3498	56	14	-1	
4	1	263	1	1	0	2987	3498	56	14	-1	
5	1	263	1	1	1	2987	3498	56	14	31.402031	wlio
2	1	264	0	0	0	2987	3526	34	13	-1	
3	1	264	1	0	0	2987	3526	34	13	-1	
4	1	264	1	1	0	2987	3526	34	13	-1	
5	1	264	1	1	1	2987	3526	34	13	26.499298	NI
2	1	265	0	0	0	534	3475	106	104	-1	
3	1	265	1	0	0	534	3475	106	104	-1	
4	1	265	1	1	0	534	3475	106	104	-1	
5	1	265	1	1	1	534	3475	106	104	38.821411	EE
2	1	266	0	0	0	2896	3565	25	15	-1	
3	1	266	1	0	0	2896	3565	25	15	-1	
4	1	266	1	1	0	2896	3565	25	15	-1	
5	1	266	1	1	1	2896	3565	25	15	95.134712	RE
2	1	267	0	0	0	2516	3541	24	56	-1	
3	1	267	1	0	0	2516	3541	24	56	-1	
4	1	267	1	1	0	2516	3541	24	56	-1	
5	1	267	1	1	1	2516	3541	24	56	40.587654	ec
2	1	268	0	0	0	1316	3609	47	20	-1	
3	1	268	1	0	0	1316	3609	47	20	-1	
4	1	268	1	1	0	1316	3609	47	20	-1	
5	1	268	1	1	1	1316	3609	47	20	54.138069	tm
2	1	269	0	0	0	2131	3615	37	32	-1	
3	1	269	1	0	0	2131	3615	37	32	-1	
4	1	269	1	1	0	2131	3615	37	32	-1	
5	1	269	1	1	1	2131	3615	37	32	23.220551	+-
2	1	270	0	0	0	2249	3628	61	4	-1	
3	1	270	1	0	0	2249	3628	61	4	-1	
4	1	270	1	1	0	2249	3628	61	4	-1	
5	1	270	1	1	1	2249	3628	61	4	62.311882	—
2	1	271	0	0	0	2508	3628	97	6	-1	
3	1	271	1	0	0	2508	3628	97	6	-1	
4	1	271	1	1	0	2508	3628	97	6	-1	
5	1	271	1	1	1	2504	3615	14	28	30.380630	.
2	1	272	0	0	0	2830	3622	110	25	-1	
3	1	272	1	0	0	2830	3622	110	25	-1	
4	1	272	1	1	0	2830	3622	110	25	-1	
5	1	272	1	1	1	2830	3622	110	25	23.253975	-——{™)
2	1	273	0	0	0	1315	3661	71	24	-1	
3	1	273	1	0	0	1315	3661	71	24	-1	
4	1	273	1	1	0	1315	3661	71	24	-1	
5	1	273	1	1	1	1315	3661	71	24	49.133228	tule
2	1	274	0	0	0	1316	3623	71	35	-1	
3	1	274	1	0	0	1316	3623	71	35	-1	
4	1	274	1	1	0	1316	3623	71	35	-1	
5	1	274	1	1	1	1316	3623	71	35	22.251114	Ll
2	1	275	0	0	0	1369	3653	18	15	-1	
3	1	275	1	0	0	1369	3653	18	15	-1	
4	1	275	1	1	0	1369	3653	18	15	-1	
5	1	275	1	1	1	1369	3653	18	15	57.912682	oO
2	1	276	0	0	0	2502	3662	67	39	-1	
3	1	276	1	0	0	2502	3662	67	39	-1	
4	1	276	1	1	0	2502	3662	67	39	-1	
5	1	276	1	1	1	2502	3662	67	39	0.000000	S2o!
2	1	277	0	0	0	2570	3631	110	48	-1	
3	1	277	1	0	0	2570	3631	110	48	-1	
4	1	277	1	1	0	2570	3631	110	48	-1	
5	1	277	1	1	1	2570	3631	110	48	45.625843	—
2	1	278	0	0	0	2503	3688	72	34	-1	
3	1	278	1	0	0	2503	3688	72	34	-1	
4	1	278	1	1	0	2503	3688	72	34	-1	
5	1	278	1	1	1	2503	3688	72	34	48.497711	358!
2	1	279	0	0	0	2595	3678	85	23	-1	
3	1	279	1	0	0	2595	3678	85	23	-1	
4	1	279	1	1	0	2595	3678	85	23	-1	
5	1	279	1	1	1	2595	3678	85	23	10.259766	ar.
2	1	280	0	0	0	1309	3701	48	26	-1	
3	1	280	1	0	0	1309	3701	48	26	-1	
4	1	280	1	1	0	1309	3701	48	26	-1	
5	1	280	1	1	1	1309	3701	48	26	89.567162	Tol
2	1	281	0	0	0	1310	3731	47	22	-1	
3	1	281	1	0	0	1310	3731	47	22	-1	
4	1	281	1	1	0	1310	3731	47	22	-1	
5	1	281	1	1	1	1310	3731	47	22	0.000000	|@|
2	1	282	0	0	0	2502	3718	72	21	-1	
3	1	282	1	0	0	2502	3718	72	21	-1	
4	1	282	1	1	0	2502	3718	72	21	-1	
5	1	282	1	1	1	2502	3714	16	34	16.427673	er
5	1	282	1	1	2	2528	3718	46	21	44.519497	Fn
2	1	283	0	0	0	2596	3714	64	21	-1	
3	1	283	1	0	0	2596	3714	64	21	-1	
4	1	283	1	1	0	2596	3714	64	21	-1	
5	1	283	1	1	1	2596	3714	64	21	0.000000	“
2	1	284	0	0	0	2563	3727	118	39	-1	
3	1	284	1	0	0	2563	3727	118	39	-1	
4	1	284	1	1	0	2563	3727	118	39	-1	
5	1	284	1	1	1	2563	3727	118	39	43.181515	=,
5	1	284	1	1	2	2665	3723	20	58	86.961937	J
2	1	285	0	0	0	1310	3795	71	31	-1	
3	1	285	1	0	0	1310	3795	71	31	-1	
4	1	285	1	1	0	1310	3795	71	31	-1	
5	1	285	1	1	1	1310	3795	71	31	52.172264	lala
2	1	286	0	0	0	1324	3777	57	26	-1	
3	1	286	1	0	0	1324	3777	57	26	-1	
4	1	286	1	1	0	1324	3777	57	26	-1	
5	1	286	1	1	1	1324	3777	57	26	47.817596	ois
2	1	287	0	0	0	1310	3830	72	24	-1	
3	1	287	1	0	0	1310	3830	72	24	-1	
4	1	287	1	1	0	1310	3830	72	24	-1	
5	1	287	1	1	1	1310	3830	72	24	0.000000	‘no
2	1	288	0	0	0	1310	3863	48	15	-1	
3	1	288	1	0	0	1310	3863	48	15	-1	
4	1	288	1	1	0	1310	3863	48	15	-1	
5	1	288	1	1	1	1310	3863	48	15	51.086563	tor
2	1	289	0	0	0	2599	3868	47	4	-1	
3	1	289	1	0	0	2599	3868	47	4	-1	
4	1	289	1	1	0	2599	3868	47	4	-1	
5	1	289	1	1	1	2599	3868	47	4	46.196285	—
2	1	290	0	0	0	2904	3892	43	5	-1	
3	1	290	1	0	0	2904	3892	43	5	-1	
4	1	290	1	1	0	2904	3892	43	5	-1	
5	1	290	1	1	1	2904	3892	43	5	85.938591	—
2	1	291	0	0	0	2974	3892	50	4	-1	
3	1	291	1	0	0	2974	3892	50	4	-1	
4	1	291	1	1	0	2974	3892	50	4	-1	
5	1	291	1	1	1	2974	3892	50	4	72.019379	—
2	1	292	0	0	0	2550	3901	24	33	-1	
3	1	292	1	0	0	2550	3901	24	33	-1	
4	1	292	1	1	0	2550	3901	24	33	-1	
5	1	292	1	1	1	2550	3901	24	33	45.921959	a
2	1	293	0	0	0	2595	3892	65	56	-1	
3	1	293	1	0	0	2595	3892	65	56	-1	
4	1	293	1	1	0	2595	3892	65	56	-1	
5	1	293	1	1	1	2595	3892	65	56	17.685669	£2
2	1	294	0	0	0	2677	3848	33	83	-1	
3	1	294	1	0	0	2677	3848	33	83	-1	
4	1	294	1	1	0	2677	3848	33	83	-1	
5	1	294	1	1	1	2677	3848	33	83	80.381279	|
2	1	295	0	0	0	2736	3882	14	84	-1	
3	1	295	1	0	0	2736	3882	14	84	-1	
4	1	295	1	1	0	2736	3882	14	84	-1	
5	1	295	1	1	1	2736	3882	14	84	32.051033	t
2	1	296	0	0	0	2464	3956	217	60	-1	
3	1	296	1	0	0	2464	3956	217	60	-1	
4	1	296	1	1	0	2464	3956	217	60	-1	
5	1	296	1	1	1	2464	3960	27	56	62.143215	|
5	1	296	1	1	2	2527	3956	95	22	0.000000	J
5	1	296	1	1	3	2675	3961	6	17	0.000000	|
2	1	297	0	0	0	2726	4023	30	20	-1	
3	1	297	1	0	0	2726	4023	30	20	-1	
4	1	297	1	1	0	2726	4023	30	20	-1	
5	1	297	1	1	1	2726	4023	30	20	31.273300	b6é
2	1	298	0	0	0	2665	4042	32	78	-1	
3	1	298	1	0	0	2665	4042	123	78	-1	
4	1	298	1	1	0	2665	4042	32	78	-1	
5	1	298	1	1	1	2665	4042	32	78	25.960205	2
2	1	299	0	0	0	1423	4130	100	30	-1	
3	1	299	1	0	0	1423	4130	100	30	-1	
4	1	299	1	1	0	1423	4130	100	30	-1	
5	1	299	1	1	1	1423	4130	18	24	78.301498	O
5	1	299	1	1	2	1465	4143	58	17	0.000000	pes
2	1	300	0	0	0	1325	4113	67	85	-1	
3	1	300	1	0	0	1325	4113	67	85	-1	
4	1	300	1	1	0	1325	4113	67	85	-1	
5	1	300	1	1	1	1325	4113	67	85	86.397964	al
2	1	301	0	0	0	2222	4106	120	82	-1	
3	1	301	1	0	0	2222	4106	120	82	-1	
4	1	301	1	1	0	2222	4106	120	82	-1	
5	1	301	1	1	1	2222	4106	120	82	42.584694	ot
2	1	302	0	0	0	383	4209	46	22	-1	
3	1	302	1	0	0	383	4209	46	22	-1	
4	1	302	1	1	0	383	4209	46	22	-1	
5	1	302	1	1	1	383	4209	46	22	71.853752	ca
2	1	303	0	0	0	1478	4167	183	47	-1	
3	1	303	1	0	0	1478	4167	183	47	-1	
4	1	303	1	1	0	1478	4167	183	47	-1	
5	1	303	1	1	1	1478	4167	22	26	1.505974	¢
5	1	303	1	1	2	1561	4174	29	24	57.500298	D
5	1	303	1	1	3	1603	4183	58	31	2.364822	D612
2	1	304	0	0	0	2337	4209	66	18	-1	
3	1	304	1	0	0	2337	4209	66	18	-1	
4	1	304	1	1	0	2337	4209	66	18	-1	
5	1	304	1	1	1	2337	4209	66	18	39.032536	Ty,
2	1	305	0	0	0	2552	4206	80	34	-1	
3	1	305	1	0	0	2552	4206	80	34	-1	
4	1	305	1	1	0	2552	4206	80	34	-1	
5	1	305	1	1	1	2552	4206	80	34	73.461838	rT
2	1	306	0	0	0	383	4238	45	21	-1	
3	1	306	1	0	0	383	4238	45	21	-1	
4	1	306	1	1	0	383	4238	45	21	-1	
5	1	306	1	1	1	383	4238	45	30	81.942856	int
2	1	307	0	0	0	1113	4220	92	40	-1	
3	1	307	1	0	0	1113	4220	92	40	-1	
4	1	307	1	1	0	1113	4220	92	40	-1	
5	1	307	1	1	1	1113	4220	92	40	65.121307	oe
2	1	308	0	0	0	1211	4227	36	35	-1	
3	1	308	1	0	0	1211	4227	36	35	-1	
4	1	308	1	1	0	1211	4227	36	35	-1	
5	1	308	1	1	1	1211	4227	36	35	44.775589	3;
2	1	309	0	0	0	1905	4142	107	121	-1	
3	1	309	1	0	0	1905	4142	107	121	-1	
4	1	309	1	1	0	1905	4142	107	121	-1	
5	1	309	1	1	1	1905	4142	107	121	34.111855	i:
2	1	310	0	0	0	2264	4199	72	122	-1	
3	1	310	1	0	0	2264	4199	72	122	-1	
4	1	310	1	1	0	2264	4199	72	122	-1	
5	1	310	1	1	1	2264	4199	72	122	19.956680	es
2	1	311	0	0	0	2309	4222	281	69	-1	
3	1	311	1	0	0	2309	4222	281	69	-1	
4	1	311	1	1	0	2309	4222	281	69	-1	
5	1	311	1	1	1	2309	4225	15	15	32.047867	9
5	1	311	1	1	2	2342	4224	38	48	44.099304	ES
5	1	311	1	1	3	2399	4236	34	25	52.362778	is
5	1	311	1	1	4	2440	4244	61	16	96.545029	ARCH
5	1	311	1	1	5	2513	4222	77	69	41.511620	ote
2	1	312	0	0	0	2711	4242	138	43	-1	
3	1	312	1	0	0	2711	4242	138	43	-1	
4	1	312	1	1	0	2711	4242	138	43	-1	
5	1	312	1	1	1	2711	4242	69	43	32.987534	ure
5	1	312	1	1	2	2793	4242	56	18	56.822769	CUE}
2	1	313	0	0	0	396	4269	32	22	-1	
3	1	313	1	0	0	396	4269	32	22	-1	
4	1	313	1	1	0	396	4269	32	22	-1	
5	1	313	1	1	1	396	4269	32	22	45.252232	wy
2	1	314	0	0	0	1368	4192	85	99	-1	
3	1	314	1	0	0	1368	4192	85	99	-1	
4	1	314	1	1	0	1368	4192	85	99	-1	
5	1	314	1	1	1	1368	4192	85	99	0.000000	{ls
2	1	315	0	0	0	1498	4224	27	58	-1	
3	1	315	1	0	0	1498	4224	27	58	-1	
4	1	315	1	1	0	1498	4224	27	58	-1	
5	1	315	1	1	1	1498	4224	27	58	36.566307	{x
2	1	316	0	0	0	1642	4252	58	23	-1	
3	1	316	1	0	0	1642	4252	58	23	-1	
4	1	316	1	1	0	1642	4252	58	23	-1	
5	1	316	1	1	1	1642	4252	58	23	39.429302	ete
2	1	317	0	0	0	2318	4256	85	66	-1	
3	1	317	1	0	0	2318	4256	85	66	-1	
4	1	317	1	1	0	2318	4256	85	66	-1	
5	1	317	1	1	1	2318	4256	85	66	36.074112	Ta
2	1	318	0	0	0	2432	4268	75	78	-1	
3	1	318	1	0	0	2432	4268	75	78	-1	
4	1	318	1	1	0	2432	4268	75	78	-1	
5	1	318	1	1	1	2432	4268	75	78	17.611694	Ce)
2	1	319	0	0	0	2550	4071	313	248	-1	
3	1	319	1	0	0	2550	4071	313	248	-1	
4	1	319	1	1	0	2550	4071	313	248	-1	
5	1	319	1	1	1	2550	4071	313	248	66.288445	ig
2	1	320	0	0	0	2912	4272	59	48	-1	
3	1	320	1	0	0	2912	4272	59	48	-1	
4	1	320	1	1	0	2912	4272	59	48	-1	
5	1	320	1	1	1	2912	4272	59	48	31.947639	oa
2	1	321	0	0	0	383	4300	66	34	-1	
3	1	321	1	0	0	383	4300	66	34	-1	
4	1	321	1	1	0	383	4300	66	34	-1	
5	1	321	1	1	1	383	4300	66	34	50.000149	pala
2	1	322	0	0	0	398	4292	53	15	-1	
3	1	322	1	0	0	398	4292	53	15	-1	
4	1	322	1	1	0	398	4292	53	15	-1	
5	1	322	1	1	1	398	4292	53	15	41.184429	ar
2	1	323	0	0	0	1066	4257	26	58	-1	
3	1	323	1	0	0	1066	4257	26	58	-1	
4	1	323	1	1	0	1066	4257	26	58	-1	
5	1	323	1	1	1	1066	4257	26	58	69.559448	J
2	1	324	0	0	0	1133	4301	46	20	-1	
3	1	324	1	0	0	1133	4301	46	20	-1	
4	1	324	1	1	0	1133	4301	46	20	-1	
5	1	324	1	1	1	1133	4301	46	20	24.454887	LoL
2	1	325	0	0	0	1133	4271	114	35	-1	
3	1	325	1	0	0	1133	4271	114	35	-1	
4	1	325	1	1	0	1133	4271	114	35	-1	
5	1	325	1	1	1	1133	4271	114	35	48.012848	logs!
2	1	326	0	0	0	1496	4303	48	18	-1	
3	1	326	1	0	0	1496	4303	48	18	-1	
4	1	326	1	1	0	1496	4303	48	18	-1	
5	1	326	1	1	1	1496	4303	48	18	68.570206	0617
2	1	327	0	0	0	383	4335	67	36	-1	
3	1	327	1	0	0	383	4335	67	36	-1	
4	1	327	1	1	0	383	4335	67	36	-1	
5	1	327	1	1	1	383	4335	67	36	81.004738	pals
2	1	328	0	0	0	1327	4349	77	19	-1	
3	1	328	1	0	0	1327	4349	77	19	-1	
4	1	328	1	1	0	1327	4349	77	19	-1	
5	1	328	1	1	1	1327	4349	77	19	91.938530	(FAST)
2	1	329	0	0	0	2428	4289	83	74	-1	
3	1	329	1	0	0	2428	4289	83	74	-1	
4	1	329	1	1	0	2428	4289	83	74	-1	
5	1	329	1	1	1	2428	4289	83	74	58.627167	seed
2	1	330	0	0	0	2572	4267	201	121	-1	
3	1	330	1	0	0	2572	4267	202	121	-1	
4	1	330	1	1	0	2572	4267	201	121	-1	
5	1	330	1	1	1	2572	4267	201	121	11.889610	“tte
2	1	331	0	0	0	2912	4296	91	68	-1	
3	1	331	1	0	0	2912	4296	91	68	-1	
4	1	331	1	1	0	2912	4296	91	68	-1	
5	1	331	1	1	1	2912	4296	91	68	52.880051	gna
2	1	332	0	0	0	383	4355	65	30	-1	
3	1	332	1	0	0	383	4355	65	30	-1	
4	1	332	1	1	0	383	4355	65	30	-1	
5	1	332	1	1	1	383	4355	65	30	0.000000	nay
2	1	333	0	0	0	946	4365	49	27	-1	
3	1	333	1	0	0	946	4365	49	27	-1	
4	1	333	1	1	0	946	4365	49	27	-1	
5	1	333	1	1	1	946	4365	49	27	84.024155	Tol
2	1	334	0	0	0	1090	4321	147	56	-1	
3	1	334	1	0	0	1090	4321	147	56	-1	
4	1	334	1	1	0	1090	4321	147	56	-1	
5	1	334	1	1	1	1090	4321	42	46	45.278023	$e
5	1	334	1	1	2	1149	4335	88	42	0.000000	¢-—4
2	1	335	0	0	0	1091	4369	39	15	-1	
3	1	335	1	0	0	1091	4369	39	15	-1	
4	1	335	1	1	0	1091	4369	39	15	-1	
5	1	335	1	1	1	1091	4369	39	15	60.019333	mn
2	1	336	0	0	0	1262	4282	54	117	-1	
3	1	336	1	0	0	1262	4282	54	117	-1	
4	1	336	1	1	0	1262	4282	54	117	-1	
5	1	336	1	1	1	1262	4282	54	117	67.392838	i
2	1	337	0	0	0	1343	4388	118	6	-1	
3	1	337	1	0	0	1343	4388	118	6	-1	
4	1	337	1	1	0	1343	4388	118	6	-1	
5	1	337	1	1	1	1343	4389	62	5	0.000000	a
5	1	337	1	1	2	1418	4388	43	6	25.620605	sas
2	1	338	0	0	0	1409	4303	78	80	-1	
3	1	338	1	0	0	1409	4303	78	80	-1	
4	1	338	1	1	0	1409	4303	78	80	-1	
5	1	338	1	1	1	1409	4303	78	80	40.875465	te!
2	1	339	0	0	0	1588	4369	63	18	-1	
3	1	339	1	0	0	1588	4369	63	18	-1	
4	1	339	1	1	0	1588	4369	63	18	-1	
5	1	339	1	1	1	1588	4369	63	18	22.578735	R6O2
2	1	340	0	0	0	2954	4351	49	48	-1	
3	1	340	1	0	0	2954	4351	49	48	-1	
4	1	340	1	1	0	2954	4351	49	48	-1	
5	1	340	1	1	1	2954	4351	49	48	0.000000	lseh
2	1	341	0	0	0	382	4417	44	21	-1	
3	1	341	1	0	0	382	4417	44	21	-1	
4	1	341	1	1	0	382	4417	44	21	-1	
5	1	341	1	1	1	382	4417	44	21	21.321167	2)
2	1	342	0	0	0	395	4392	31	16	-1	
3	1	342	1	0	0	395	4392	31	16	-1	
4	1	342	1	1	0	395	4392	31	16	-1	
5	1	342	1	1	1	395	4392	31	16	28.968468	oe,
2	1	343	0	0	0	946	4397	49	23	-1	
3	1	343	1	0	0	946	4397	49	23	-1	
4	1	343	1	1	0	946	4397	49	23	-1	
5	1	343	1	1	1	946	4397	49	23	60.380474	lot
2	1	344	0	0	0	1344	4420	116	5	-1	
3	1	344	1	0	0	1344	4420	116	5	-1	
4	1	344	1	1	0	1344	4420	116	5	-1	
5	1	344	1	1	1	1344	4420	116	5	7.920494	ey
2	1	345	0	0	0	1494	4392	16	15	-1	
3	1	345	1	0	0	1494	4392	16	15	-1	
4	1	345	1	1	0	1494	4392	16	15	-1	
5	1	345	1	1	1	1494	4392	16	15	69.245514	{e
2	1	346	0	0	0	1557	4394	21	14	-1	
3	1	346	1	0	0	1557	4394	21	14	-1	
4	1	346	1	1	0	1557	4394	21	14	-1	
5	1	346	1	1	1	1557	4394	21	14	32.602913	“vy
2	1	347	0	0	0	1593	4408	55	4	-1	
3	1	347	1	0	0	1593	4408	55	4	-1	
4	1	347	1	1	0	1593	4408	55	4	-1	
5	1	347	1	1	1	1593	4408	55	4	54.557022	—
2	1	348	0	0	0	2130	4408	64	5	-1	
3	1	348	1	0	0	2130	4408	64	5	-1	
4	1	348	1	1	0	2130	4408	64	5	-1	
5	1	348	1	1	1	2130	4408	64	5	0.000000	—4
2	1	349	0	0	0	2756	4347	69	63	-1	
3	1	349	1	0	0	2756	4347	69	63	-1	
4	1	349	1	1	0	2756	4347	69	63	-1	
5	1	349	1	1	1	2756	4347	69	63	28.274567	me
2	1	350	0	0	0	2832	4348	54	90	-1	
3	1	350	1	0	0	2832	4348	54	90	-1	
4	1	350	1	1	0	2832	4348	54	90	-1	
5	1	350	1	1	1	2832	4348	54	90	0.000000	n
2	1	351	0	0	0	2969	4399	54	21	-1	
3	1	351	1	0	0	2969	4399	54	21	-1	
4	1	351	1	1	0	2969	4399	54	21	-1	
5	1	351	1	1	1	2969	4399	54	21	66.035126	Mo
2	1	352	0	0	0	947	4428	69	16	-1	
3	1	352	1	0	0	947	4428	69	16	-1	
4	1	352	1	1	0	947	4428	69	16	-1	
5	1	352	1	1	1	947	4428	69	16	0.000000	baton
2	1	353	0	0	0	2801	4439	67	26	-1	
3	1	353	1	0	0	2801	4439	67	26	-1	
4	1	353	1	1	0	2801	4439	67	26	-1	
5	1	353	1	1	1	2801	4439	67	26	57.606827	bla
2	1	354	0	0	0	2970	4426	31	16	-1	
3	1	354	1	0	0	2970	4426	31	16	-1	
4	1	354	1	1	0	2970	4426	31	16	-1	
5	1	354	1	1	1	2970	4426	31	16	30.013168	oO,
2	1	355	0	0	0	991	4462	26	22	-1	
3	1	355	1	0	0	991	4462	26	22	-1	
4	1	355	1	1	0	991	4462	26	22	-1	
5	1	355	1	1	1	991	4462	26	22	47.267403	lo
2	1	356	0	0	0	1342	4477	51	4	-1	
3	1	356	1	0	0	1342	4477	51	4	-1	
4	1	356	1	1	0	1342	4477	51	4	-1	
5	1	356	1	1	1	1342	4477	51	4	80.878822	—
2	1	357	0	0	0	2970	4476	31	13	-1	
3	1	357	1	0	0	2970	4476	31	13	-1	
4	1	357	1	1	0	2970	4476	31	13	-1	
5	1	357	1	1	1	2970	4476	31	13	93.090096	wi
2	1	358	0	0	0	440	4495	25	22	-1	
3	1	358	1	0	0	440	4495	25	22	-1	
4	1	358	1	1	0	440	4495	25	22	-1	
5	1	358	1	1	1	440	4495	25	22	77.590378	A
2	1	359	0	0	0	947	4501	33	16	-1	
3	1	359	1	0	0	947	4501	33	16	-1	
4	1	359	1	1	0	947	4501	33	16	-1	
5	1	359	1	1	1	947	4501	33	16	74.452118	's
2	1	360	0	0	0	991	4488	26	22	-1	
3	1	360	1	0	0	991	4488	26	22	-1	
4	1	360	1	1	0	991	4488	26	22	-1	
5	1	360	1	1	1	991	4488	26	22	93.123856	12
2	1	361	0	0	0	2338	4475	20	65	-1	
3	1	361	1	0	0	2338	4475	20	65	-1	
4	1	361	1	1	0	2338	4475	20	65	-1	
5	1	361	1	1	1	2338	4475	20	65	50.755558	|
2	1	362	0	0	0	414	4533	61	27	-1	
3	1	362	1	0	0	414	4533	61	27	-1	
4	1	362	1	1	0	414	4533	61	27	-1	
5	1	362	1	1	1	414	4533	17	19	83.720795	&
5	1	362	1	1	2	449	4537	26	23	30.463806	wi
2	1	363	0	0	0	946	4555	48	20	-1	
3	1	363	1	0	0	946	4555	48	20	-1	
4	1	363	1	1	0	946	4555	48	20	-1	
5	1	363	1	1	1	946	4555	48	20	0.000000	1
5	1	363	1	1	2	983	4548	14	31	0.000000	|
2	1	364	0	0	0	947	4523	48	22	-1	
3	1	364	1	0	0	947	4523	48	22	-1	
4	1	364	1	1	0	947	4523	48	22	-1	
5	1	364	1	1	1	947	4523	48	22	47.471634	tol
2	1	365	0	0	0	1967	4541	57	24	-1	
3	1	365	1	0	0	1967	4541	57	24	-1	
4	1	365	1	1	0	1967	4541	57	24	-1	
5	1	365	1	1	1	1967	4541	57	24	49.806427	+3-
2	1	366	0	0	0	2432	4492	19	66	-1	
3	1	366	1	0	0	2432	4492	19	66	-1	
4	1	366	1	1	0	2432	4492	19	66	-1	
5	1	366	1	1	1	2432	4492	19	66	25.463058	t
2	1	367	0	0	0	423	4564	60	18	-1	
3	1	367	1	0	0	423	4564	60	18	-1	
4	1	367	1	1	0	423	4564	60	18	-1	
5	1	367	1	1	1	423	4564	60	18	41.056858	Bai
2	1	368	0	0	0	946	4587	18	12	-1	
3	1	368	1	0	0	946	4587	18	12	-1	
4	1	368	1	1	0	946	4587	18	12	-1	
5	1	368	1	1	1	946	4587	18	12	53.528461	i=
2	1	369	0	0	0	1340	4565	33	19	-1	
3	1	369	1	0	0	1340	4565	33	19	-1	
4	1	369	1	1	0	1340	4565	33	19	-1	
5	1	369	1	1	1	1340	4565	33	19	0.000000	|
2	1	370	0	0	0	1400	4563	36	38	-1	
3	1	370	1	0	0	1400	4563	36	38	-1	
4	1	370	1	1	0	1400	4563	36	38	-1	
5	1	370	1	1	1	1400	4564	5	18	29.893166	'
5	1	370	1	1	2	1431	4563	5	38	65.074692	!
2	1	371	0	0	0	1527	4583	51	20	-1	
3	1	371	1	0	0	1527	4583	51	20	-1	
4	1	371	1	1	0	1527	4583	51	20	-1	
5	1	371	1	1	1	1527	4583	51	20	54.191521	zor
2	1	372	0	0	0	1727	4579	21	12	-1	
3	1	372	1	0	0	1727	4579	21	12	-1	
4	1	372	1	1	0	1727	4579	21	12	-1	
5	1	372	1	1	1	1727	4579	21	12	21.622192	ae
2	1	373	0	0	0	2403	4581	46	16	-1	
3	1	373	1	0	0	2403	4581	46	16	-1	
4	1	373	1	1	0	2403	4581	46	16	-1	
5	1	373	1	1	1	2403	4581	46	16	47.027554	IA
2	1	374	0	0	0	2674	4581	33	11	-1	
3	1	374	1	0	0	2674	4581	33	11	-1	
4	1	374	1	1	0	2674	4581	33	11	-1	
5	1	374	1	1	1	2674	4581	33	11	53.067665	IO
2	1	375	0	0	0	2834	4568	66	15	-1	
3	1	375	1	0	0	2834	4568	66	15	-1	
4	1	375	1	1	0	2834	4568	66	15	-1	
5	1	375	1	1	1	2834	4568	66	15	52.359154	ret
2	1	376	0	0	0	430	4594	84	18	-1	
3	1	376	1	0	0	430	4594	84	18	-1	
4	1	376	1	1	0	430	4594	84	18	-1	
5	1	376	1	1	1	430	4594	84	18	0.000000	BR-\o
2	1	377	0	0	0	1340	4598	32	27	-1	
3	1	377	1	0	0	1340	4598	32	27	-1	
4	1	377	1	1	0	1340	4598	32	27	-1	
5	1	377	1	1	1	1340	4592	32	33	38.225349	hot
2	1	378	0	0	0	1526	4598	39	17	-1	
3	1	378	1	0	0	1526	4598	39	17	-1	
4	1	378	1	1	0	1526	4598	39	17	-1	
5	1	378	1	1	1	1526	4598	39	17	25.707733	moO
2	1	379	0	0	0	1972	4609	4	13	-1	
3	1	379	1	0	0	1972	4609	4	13	-1	
4	1	379	1	1	0	1972	4609	4	13	-1	
5	1	379	1	1	1	1972	4609	4	13	89.277313	I
2	1	380	0	0	0	440	4625	83	21	-1	
3	1	380	1	0	0	440	4625	83	21	-1	
4	1	380	1	1	0	440	4625	83	21	-1	
5	1	380	1	1	1	440	4625	16	17	48.821930	S
5	1	380	1	1	2	472	4625	51	21	44.029587	o\-
2	1	381	0	0	0	448	4656	84	20	-1	
3	1	381	1	0	0	448	4656	84	20	-1	
4	1	381	1	1	0	448	4656	84	20	-1	
5	1	381	1	1	1	448	4656	16	14	26.254478	@
5	1	381	1	1	2	488	4661	44	15	27.810394	ag
2	1	382	0	0	0	1526	4631	34	22	-1	
3	1	382	1	0	0	1526	4631	34	22	-1	
4	1	382	1	1	0	1526	4631	34	22	-1	
5	1	382	1	1	1	1526	4624	34	29	31.463615	6"
2	1	383	0	0	0	1528	4658	15	26	-1	
3	1	383	1	0	0	1528	4658	15	26	-1	
4	1	383	1	1	0	1528	4658	15	26	-1	
5	1	383	1	1	1	1528	4658	15	26	90.632446	2
2	1	384	0	0	0	1571	4603	318	93	-1	
3	1	384	1	0	0	1571	4603	318	93	-1	
4	1	384	1	1	0	1571	4603	318	93	-1	
5	1	384	1	1	1	1571	4608	109	84	34.992920	paths
5	1	384	1	1	2	1706	4614	40	49	12.821617	BL
5	1	384	1	1	3	1768	4603	64	93	28.319099	acl
5	1	384	1	1	4	1869	4615	20	58	37.521595	F
2	1	385	0	0	0	1920	4641	111	22	-1	
3	1	385	1	0	0	1920	4641	111	22	-1	
4	1	385	1	1	0	1920	4641	111	22	-1	
5	1	385	1	1	1	1920	4641	111	22	30.910881	oe
5	1	385	1	1	2	2027	4635	6	36	87.295174	|
2	1	386	0	0	0	2075	4630	131	36	-1	
3	1	386	1	0	0	2075	4630	131	36	-1	
4	1	386	1	1	0	2075	4630	131	36	-1	
5	1	386	1	1	1	2075	4625	56	45	0.000000	Zhea
5	1	386	1	1	2	2146	4625	60	45	49.057503	Pn)
2	1	387	0	0	0	2573	4630	135	35	-1	
3	1	387	1	0	0	2573	4630	135	35	-1	
4	1	387	1	1	0	2573	4630	135	35	-1	
5	1	387	1	1	1	2573	4630	135	35	46.751694	pia
2	1	388	0	0	0	457	4684	49	20	-1	
3	1	388	1	0	0	457	4684	49	20	-1	
4	1	388	1	1	0	457	4684	49	20	-1	
5	1	388	1	1	1	457	4684	49	20	73.304871	ow
2	1	389	0	0	0	1015	4652	48	26	-1	
3	1	389	1	0	0	1015	4652	48	26	-1	
4	1	389	1	1	0	1015	4652	48	26	-1	
5	1	389	1	1	1	1015	4652	48	26	71.159599	Tol
2	1	390	0	0	0	1016	4681	47	24	-1	
3	1	390	1	0	0	1016	4681	47	24	-1	
4	1	390	1	1	0	1016	4681	47	24	-1	
5	1	390	1	1	1	1016	4681	47	24	43.238670	hol
2	1	391	0	0	0	1177	4647	95	45	-1	
3	1	391	1	0	0	1177	4647	95	45	-1	
4	1	391	1	1	0	1177	4647	95	45	-1	
5	1	391	1	1	1	1177	4647	27	45	52.738991	Ln
5	1	391	1	1	2	1235	4656	37	16	46.276726	lor
2	1	392	0	0	0	1338	4633	130	46	-1	
3	1	392	1	0	0	1338	4633	130	46	-1	
4	1	392	1	1	0	1338	4633	130	46	-1	
5	1	392	1	1	1	1338	4606	130	73	15.094536	Ht
2	1	393	0	0	0	1667	4676	13	16	-1	
3	1	393	1	0	0	1667	4676	13	16	-1	
4	1	393	1	1	0	1667	4676	13	16	-1	
5	1	393	1	1	1	1667	4676	13	16	89.593781	4
2	1	394	0	0	0	1743	4672	7	18	-1	
3	1	394	1	0	0	1743	4672	7	18	-1	
4	1	394	1	1	0	1743	4672	7	18	-1	
5	1	394	1	1	1	1743	4672	7	18	88.162720	L
2	1	395	0	0	0	1778	4677	75	14	-1	
3	1	395	1	0	0	1778	4677	75	14	-1	
4	1	395	1	1	0	1778	4677	75	14	-1	
5	1	395	1	1	1	1778	4677	75	14	21.341835	—-—H4
2	1	396	0	0	0	1920	4671	110	21	-1	
3	1	396	1	0	0	1920	4671	110	21	-1	
4	1	396	1	1	0	1920	4671	110	21	-1	
5	1	396	1	1	1	1920	4671	110	21	17.466507	Ug
2	1	397	0	0	0	2076	4669	130	21	-1	
3	1	397	1	0	0	2076	4669	130	21	-1	
4	1	397	1	1	0	2076	4669	130	21	-1	
5	1	397	1	1	1	2076	4672	14	11	18.609123	a
5	1	397	1	1	2	2096	4669	69	21	24.921257	a
5	1	397	1	1	3	2190	4674	16	16	31.508324	SF
2	1	398	0	0	0	2400	4597	18	92	-1	
3	1	398	1	0	0	2400	4597	18	92	-1	
4	1	398	1	1	0	2400	4597	18	92	-1	
5	1	398	1	1	1	2400	4597	18	92	79.301674	:
2	1	399	0	0	0	2425	4583	100	113	-1	
3	1	399	1	0	0	2425	4583	100	113	-1	
4	1	399	1	1	0	2425	4583	100	113	-1	
5	1	399	1	1	1	2425	4588	84	108	62.775719	ig
5	1	399	1	1	2	2522	4583	3	14	24.005127	E
2	1	400	0	0	0	2574	4667	133	26	-1	
3	1	400	1	0	0	2574	4667	133	26	-1	
4	1	400	1	1	0	2574	4667	133	26	-1	
5	1	400	1	1	1	2574	4667	133	26	18.314346	Lom
2	1	401	0	0	0	2832	4635	161	62	-1	
3	1	401	1	0	0	2832	4635	161	62	-1	
4	1	401	1	1	0	2832	4635	161	62	-1	
5	1	401	1	1	1	2832	4635	161	62	34.849174	iit
2	1	402	0	0	0	458	4714	25	18	-1	
3	1	402	1	0	0	458	4714	25	18	-1	
4	1	402	1	1	0	458	4714	25	18	-1	
5	1	402	1	1	1	458	4714	25	18	20.894684	>
2	1	403	0	0	0	1032	4711	31	23	-1	
3	1	403	1	0	0	1032	4711	31	23	-1	
4	1	403	1	1	0	1032	4711	31	23	-1	
5	1	403	1	1	1	1032	4711	31	23	17.440041	vl
2	1	404	0	0	0	1169	4721	69	13	-1	
3	1	404	1	0	0	1169	4721	69	13	-1	
4	1	404	1	1	0	1169	4721	69	13	-1	
5	1	404	1	1	1	1169	4721	69	13	19.967728	-+-4
2	1	405	0	0	0	1378	4721	114	17	-1	
3	1	405	1	0	0	1378	4721	114	17	-1	
4	1	405	1	1	0	1378	4721	114	17	-1	
5	1	405	1	1	1	1378	4721	91	17	0.000000	OS22(
5	1	405	1	1	2	1483	4722	9	16	68.199883	PLA
2	1	406	0	0	0	1676	4711	5	17	-1	
3	1	406	1	0	0	1676	4711	5	17	-1	
4	1	406	1	1	0	1676	4711	5	17	-1	
5	1	406	1	1	1	1676	4711	5	17	81.052330	!
2	1	407	0	0	0	473	4746	47	15	-1	
3	1	407	1	0	0	473	4746	47	15	-1	
4	1	407	1	1	0	473	4746	47	15	-1	
5	1	407	1	1	1	473	4746	47	15	16.279915	~
2	1	408	0	0	0	1014	4749	36	29	-1	
3	1	408	1	0	0	1014	4749	36	29	-1	
4	1	408	1	1	0	1014	4749	36	29	-1	
5	1	408	1	1	1	1014	4749	36	29	81.443222	lo
2	1	409	0	0	0	1059	4739	24	25	-1	
3	1	409	1	0	0	1059	4739	24	25	-1	
4	1	409	1	1	0	1059	4739	24	25	-1	
5	1	409	1	1	1	1059	4739	24	25	30.981247	me
2	1	410	0	0	0	1064	4755	18	13	-1	
3	1	410	1	0	0	1064	4755	18	13	-1	
4	1	410	1	1	0	1064	4755	18	13	-1	
5	1	410	1	1	1	1064	4755	18	13	7.872253	is)
2	1	411	0	0	0	1226	4753	33	18	-1	
3	1	411	1	0	0	1226	4753	33	18	-1	
4	1	411	1	1	0	1226	4753	33	18	-1	
5	1	411	1	1	1	1226	4753	33	18	87.435333	RG
2	1	412	0	0	0	1726	4756	4	12	-1	
3	1	412	1	0	0	1726	4756	4	12	-1	
4	1	412	1	1	0	1726	4756	4	12	-1	
5	1	412	1	1	1	1726	4756	4	12	51.014008	'
2	1	413	0	0	0	1726	4711	4	38	-1	
3	1	413	1	0	0	1726	4711	4	38	-1	
4	1	413	1	1	0	1726	4711	4	38	-1	
5	1	413	1	1	1	1726	4711	4	38	82.000580	|
2	1	414	0	0	0	1894	4711	6	54	-1	
3	1	414	1	0	0	1894	4711	6	54	-1	
4	1	414	1	1	0	1894	4711	6	54	-1	
5	1	414	1	1	1	1894	4711	6	54	41.285889	|
2	1	415	0	0	0	2582	4709	15	58	-1	
3	1	415	1	0	0	2582	4709	15	58	-1	
4	1	415	1	1	0	2582	4709	15	58	-1	
5	1	415	1	1	1	2582	4709	15	58	58.859886	|
2	1	416	0	0	0	474	4777	40	11	-1	
3	1	416	1	0	0	474	4777	40	11	-1	
4	1	416	1	1	0	474	4777	40	11	-1	
5	1	416	1	1	1	474	4777	40	11	37.186226	Lo
2	1	417	0	0	0	1015	4773	47	36	-1	
3	1	417	1	0	0	1015	4773	47	36	-1	
4	1	417	1	1	0	1015	4773	47	36	-1	
5	1	417	1	1	1	1015	4773	47	36	85.404282	ja!
2	1	418	0	0	0	1016	4810	34	35	-1	
3	1	418	1	0	0	1016	4810	34	35	-1	
4	1	418	1	1	0	1016	4810	34	35	-1	
5	1	418	1	1	1	1016	4810	34	35	0.000000	ibe
2	1	419	0	0	0	1948	4830	59	6	-1	
3	1	419	1	0	0	1948	4830	59	6	-1	
4	1	419	1	1	0	1948	4830	59	6	-1	
5	1	419	1	1	1	1948	4830	59	6	46.835384	——
2	1	420	0	0	0	1030	4834	34	25	-1	
3	1	420	1	0	0	1030	4834	34	25	-1	
4	1	420	1	1	0	1030	4834	34	25	-1	
5	1	420	1	1	1	1030	4834	34	25	22.931793	r|
2	1	421	0	0	0	455	4877	32	15	-1	
3	1	421	1	0	0	455	4877	32	15	-1	
4	1	421	1	1	0	455	4877	32	15	-1	
5	1	421	1	1	1	455	4877	32	15	66.768463	nN
2	1	422	0	0	0	1016	4868	47	21	-1	
3	1	422	1	0	0	1016	4868	47	21	-1	
4	1	422	1	1	0	1016	4868	47	21	-1	
5	1	422	1	1	1	1016	4868	47	21	66.406876	cu
2	1	423	0	0	0	1903	4893	9	9	-1	
3	1	423	1	0	0	1903	4893	9	9	-1	
4	1	423	1	1	0	1903	4893	9	9	-1	
5	1	423	1	1	1	1903	4893	9	9	62.220070	«
2	1	424	0	0	0	2641	4822	60	92	-1	
3	1	424	1	0	0	2641	4822	60	92	-1	
4	1	424	1	1	0	2641	4822	60	92	-1	
5	1	424	1	1	1	2641	4822	60	92	43.489574	4]
2	1	425	0	0	0	2814	4869	24	34	-1	
3	1	425	1	0	0	2814	4869	24	34	-1	
4	1	425	1	1	0	2814	4869	24	34	-1	
5	1	425	1	1	1	2814	4869	24	34	48.082085	i
2	1	426	0	0	0	456	4903	70	16	-1	
3	1	426	1	0	0	456	4903	70	16	-1	
4	1	426	1	1	0	456	4903	70	16	-1	
5	1	426	1	1	1	456	4903	70	16	41.300896	rain
2	1	427	0	0	0	947	4889	49	28	-1	
3	1	427	1	0	0	947	4889	49	28	-1	
4	1	427	1	1	0	947	4889	49	28	-1	
5	1	427	1	1	1	947	4889	49	28	52.541550	Tol
2	1	428	0	0	0	947	4917	50	32	-1	
3	1	428	1	0	0	947	4917	50	32	-1	
4	1	428	1	1	0	947	4917	50	32	-1	
5	1	428	1	1	1	947	4917	50	32	48.651611	jot
2	1	429	0	0	0	1118	4818	85	119	-1	
3	1	429	1	0	0	1118	4818	85	119	-1	
4	1	429	1	1	0	1118	4818	85	119	-1	
5	1	429	1	1	1	1118	4818	85	119	33.499588	+
2	1	430	0	0	0	455	4952	33	13	-1	
3	1	430	1	0	0	455	4952	33	13	-1	
4	1	430	1	1	0	455	4952	33	13	-1	
5	1	430	1	1	1	455	4952	33	13	44.970016	Oo
2	1	431	0	0	0	962	4950	35	22	-1	
3	1	431	1	0	0	962	4950	35	22	-1	
4	1	431	1	1	0	962	4950	35	22	-1	
5	1	431	1	1	1	962	4950	35	22	27.238983	“il
2	1	432	0	0	0	1394	4849	66	118	-1	
3	1	432	1	0	0	1394	4849	66	118	-1	
4	1	432	1	1	0	1394	4849	66	118	-1	
5	1	432	1	1	1	1394	4849	66	118	19.747154	+
2	1	433	0	0	0	1570	4932	110	22	-1	
3	1	433	1	0	0	1570	4932	110	22	-1	
4	1	433	1	1	0	1570	4932	110	22	-1	
5	1	433	1	1	1	1570	4932	110	44	51.718315	air
2	1	434	0	0	0	1702	4830	61	123	-1	
3	1	434	1	0	0	1702	4830	152	126	-1	
4	1	434	1	1	0	1702	4830	61	123	-1	
5	1	434	1	1	1	1702	4830	61	126	58.368134	{
2	1	435	0	0	0	1943	4955	38	17	-1	
3	1	435	1	0	0	1943	4955	38	17	-1	
4	1	435	1	1	0	1943	4955	38	17	-1	
5	1	435	1	1	1	1943	4955	40	22	0.000000	TL
2	1	436	0	0	0	2096	4930	111	31	-1	
3	1	436	1	0	0	2096	4930	111	31	-1	
4	1	436	1	1	0	2096	4930	111	31	-1	
5	1	436	1	1	1	2096	4930	111	31	18.506081	ro
2	1	437	0	0	0	2628	4964	67	3	-1	
3	1	437	1	0	0	2628	4964	67	3	-1	
4	1	437	1	1	0	2628	4964	67	3	-1	
5	1	437	1	1	1	2628	4964	67	3	10.666107	—
2	1	438	0	0	0	2968	4953	49	28	-1	
3	1	438	1	0	0	2968	4953	49	28	-1	
4	1	438	1	1	0	2968	4953	49	28	-1	
5	1	438	1	1	1	2968	4953	49	28	52.878716	Te?
2	1	439	0	0	0	455	4975	48	20	-1	
3	1	439	1	0	0	455	4975	48	20	-1	
4	1	439	1	1	0	455	4975	48	20	-1	
5	1	439	1	1	1	455	4975	48	20	46.347141	hor!
2	1	440	0	0	0	948	4963	33	29	-1	
3	1	440	1	0	0	948	4963	33	29	-1	
4	1	440	1	1	0	948	4963	33	29	-1	
5	1	440	1	1	1	948	4963	33	29	90.835129	lo
2	1	441	0	0	0	991	4982	27	33	-1	
3	1	441	1	0	0	991	4982	27	33	-1	
4	1	441	1	1	0	991	4982	27	33	-1	
5	1	441	1	1	1	991	4982	27	33	64.720612	Ig
2	1	442	0	0	0	1406	4996	67	17	-1	
3	1	442	1	0	0	1406	4996	67	17	-1	
4	1	442	1	1	0	1406	4996	67	17	-1	
5	1	442	1	1	1	1406	4996	67	26	12.229050	REOY
2	1	443	0	0	0	1571	4988	84	27	-1	
3	1	443	1	0	0	1571	4988	84	27	-1	
4	1	443	1	1	0	1571	4988	84	27	-1	
5	1	443	1	1	1	1571	4996	3	19	71.940689	j
5	1	443	1	1	2	1595	4988	60	22	46.478809	x“
2	1	444	0	0	0	1620	4952	103	35	-1	
3	1	444	1	0	0	1620	4952	103	35	-1	
4	1	444	1	1	0	1620	4952	103	35	-1	
5	1	444	1	1	1	1620	4952	36	29	25.134392	roa
5	1	444	1	1	2	1677	4953	46	34	53.210457	(aa
2	1	445	0	0	0	1769	4956	64	44	-1	
3	1	445	1	0	0	1769	4956	64	44	-1	
4	1	445	1	1	0	1769	4956	64	44	-1	
5	1	445	1	1	1	1769	4956	64	44	54.284317	“op
2	1	446	0	0	0	1851	4941	72	51	-1	
3	1	446	1	0	0	1851	4941	72	51	-1	
4	1	446	1	1	0	1851	4941	72	51	-1	
5	1	446	1	1	1	1851	4956	30	34	23.455437	iS
5	1	446	1	1	2	1915	4941	8	51	78.917114	|
2	1	447	0	0	0	2026	4956	145	54	-1	
3	1	447	1	0	0	2026	4956	145	54	-1	
4	1	447	1	1	0	2026	4956	145	54	-1	
5	1	447	1	1	1	2026	4964	48	46	37.060390	35
5	1	447	1	1	2	2095	4956	6	18	86.362007	|
5	1	447	1	1	3	2139	4956	32	43	65.654404	a
2	1	448	0	0	0	2201	4968	51	24	-1	
3	1	448	1	0	0	2201	4968	51	24	-1	
4	1	448	1	1	0	2201	4968	51	24	-1	
5	1	448	1	1	1	2201	4968	51	24	58.097443	loo
2	1	449	0	0	0	2306	4987	85	28	-1	
3	1	449	1	0	0	2306	4987	85	28	-1	
4	1	449	1	1	0	2306	4987	85	28	-1	
5	1	449	1	1	1	2306	4987	85	28	75.158348	“17S
2	1	450	0	0	0	2967	4986	49	29	-1	
3	1	450	1	0	0	2967	4986	49	29	-1	
4	1	450	1	1	0	2967	4986	49	29	-1	
5	1	450	1	1	1	2967	4986	49	29	26.354012	{wl
2	1	451	0	0	0	455	5003	48	15	-1	
3	1	451	1	0	0	455	5003	48	15	-1	
4	1	451	1	1	0	455	5003	48	15	-1	
5	1	451	1	1	1	455	5003	48	15	40.086723	al
2	1	452	0	0	0	948	5002	34	28	-1	
3	1	452	1	0	0	948	5002	34	28	-1	
4	1	452	1	1	0	948	5002	34	28	-1	
5	1	452	1	1	1	948	5002	34	28	51.300568	be
2	1	453	0	0	0	1175	4989	103	52	-1	
3	1	453	1	0	0	1175	4989	103	52	-1	
4	1	453	1	1	0	1175	4989	103	52	-1	
5	1	453	1	1	1	1175	4989	43	52	22.381111	Lm
5	1	453	1	1	2	1235	4997	43	27	0.000000	(zt
2	1	454	0	0	0	1526	5001	4	21	-1	
3	1	454	1	0	0	1526	5001	4	21	-1	
4	1	454	1	1	0	1526	5001	4	21	-1	
5	1	454	1	1	1	1526	5001	4	21	85.539558	|
2	1	455	0	0	0	1676	4983	248	59	-1	
3	1	455	1	0	0	1676	4983	248	59	-1	
4	1	455	1	1	0	1676	4983	248	59	-1	
5	1	455	1	1	1	1676	4988	119	54	34.727486	Ra!
5	1	455	1	1	2	1856	4983	68	34	9.491104	64
2	1	456	0	0	0	2117	4998	103	24	-1	
3	1	456	1	0	0	2117	4998	103	24	-1	
4	1	456	1	1	0	2117	4998	103	24	-1	
5	1	456	1	1	1	2117	4998	65	14	30.094429	a
5	1	456	1	1	2	2202	5001	18	21	34.109619	ty
2	1	457	0	0	0	2313	5034	19	15	-1	
3	1	457	1	0	0	2313	5034	19	15	-1	
4	1	457	1	1	0	2313	5034	19	15	-1	
5	1	457	1	1	1	2313	5034	19	15	64.403755	al
2	1	458	0	0	0	2351	5018	39	27	-1	
3	1	458	1	0	0	2351	5018	39	27	-1	
4	1	458	1	1	0	2351	5018	39	27	-1	
5	1	458	1	1	1	2351	5018	39	27	76.757103	+2
2	1	459	0	0	0	2401	5024	38	21	-1	
3	1	459	1	0	0	2401	5024	38	21	-1	
4	1	459	1	1	0	2401	5024	38	21	-1	
5	1	459	1	1	1	2401	5024	38	21	0.000000	J
2	1	460	0	0	0	2434	4952	294	102	-1	
3	1	460	1	0	0	2434	4952	294	102	-1	
4	1	460	1	1	0	2434	4952	294	102	-1	
5	1	460	1	1	1	2434	4964	73	48	45.033195	|
5	1	460	1	1	2	2578	4974	17	46	68.962967	|
5	1	460	1	1	3	2590	4964	89	87	10.943527	fey
5	1	460	1	1	4	2696	4952	32	102	19.172806	i
2	1	461	0	0	0	2982	5016	56	23	-1	
3	1	461	1	0	0	2982	5016	56	23	-1	
4	1	461	1	1	0	2982	5016	56	23	-1	
5	1	461	1	1	1	2982	5016	56	23	55.752670	Mle
2	1	462	0	0	0	455	5051	32	23	-1	
3	1	462	1	0	0	455	5051	32	23	-1	
4	1	462	1	1	0	455	5051	32	23	-1	
5	1	462	1	1	1	455	5051	32	23	49.828049	{2
2	1	463	0	0	0	948	5042	69	31	-1	
3	1	463	1	0	0	948	5042	69	31	-1	
4	1	463	1	1	0	948	5042	69	31	-1	
5	1	463	1	1	1	948	5042	31	27	50.943600	lw
5	1	463	1	1	2	989	5038	28	42	58.962387	jo
2	1	464	0	0	0	1128	5064	58	18	-1	
3	1	464	1	0	0	1128	5064	58	18	-1	
4	1	464	1	1	0	1128	5064	58	18	-1	
5	1	464	1	1	1	1128	5064	58	18	30.127151	bs
2	1	465	0	0	0	1129	5024	158	40	-1	
3	1	465	1	0	0	1129	5024	158	40	-1	
4	1	465	1	1	0	1129	5024	158	40	-1	
5	1	465	1	1	1	1129	5030	61	26	60.006279	—
5	1	465	1	1	2	1235	5024	52	40	32.054001	iv?
2	1	466	0	0	0	1373	5046	101	43	-1	
3	1	466	1	0	0	1373	5046	101	43	-1	
4	1	466	1	1	0	1373	5046	101	43	-1	
5	1	466	1	1	1	1373	5046	57	43	15.184746	ree
5	1	466	1	1	2	1428	5047	46	39	46.158562	joe)
2	1	467	0	0	0	1525	4998	174	83	-1	
3	1	467	1	0	0	1525	4998	174	83	-1	
4	1	467	1	1	0	1525	4998	174	83	-1	
5	1	467	1	1	1	1525	5025	6	56	66.893257	|
5	1	467	1	1	2	1571	4998	128	46	18.762177	Lie
2	1	468	0	0	0	1901	5029	129	30	-1	
3	1	468	1	0	0	1901	5029	129	30	-1	
4	1	468	1	1	0	1901	5029	129	30	-1	
5	1	468	1	1	1	1901	5025	129	34	28.742653	ober
2	1	469	0	0	0	2108	5047	46	18	-1	
3	1	469	1	0	0	2108	5047	46	18	-1	
4	1	469	1	1	0	2108	5047	46	18	-1	
5	1	469	1	1	1	2108	5047	46	18	92.355675	603
2	1	470	0	0	0	2308	5052	42	22	-1	
3	1	470	1	0	0	2308	5052	42	22	-1	
4	1	470	1	1	0	2308	5052	42	22	-1	
5	1	470	1	1	1	2308	5052	42	22	35.091286	zu
2	1	471	0	0	0	2358	5069	42	6	-1	
3	1	471	1	0	0	2358	5069	42	6	-1	
4	1	471	1	1	0	2358	5069	42	6	-1	
5	1	471	1	1	1	2358	5069	42	6	57.727299	—-
2	1	472	0	0	0	2590	5018	137	81	-1	
3	1	472	1	0	0	2590	5018	137	81	-1	
4	1	472	1	1	0	2590	5018	137	81	-1	
5	1	472	1	1	1	2590	5029	24	45	8.921768	s
5	1	472	1	1	2	2614	5018	113	81	40.728531	eRe;
2	1	473	0	0	0	2709	5013	59	59	-1	
3	1	473	1	0	0	2709	5013	59	59	-1	
4	1	473	1	1	0	2709	5013	59	59	-1	
5	1	473	1	1	1	2709	5013	59	59	35.879280	Ris
2	1	474	0	0	0	2812	5016	18	57	-1	
3	1	474	1	0	0	2812	5016	18	57	-1	
4	1	474	1	1	0	2812	5016	18	57	-1	
5	1	474	1	1	1	2812	5016	18	57	30.373779	|
2	1	475	0	0	0	3012	5048	27	27	-1	
3	1	475	1	0	0	3012	5048	27	27	-1	
4	1	475	1	1	0	3012	5048	27	27	-1	
5	1	475	1	1	1	3012	5048	27	27	47.798328	Io
2	1	476	0	0	0	948	5077	50	26	-1	
3	1	476	1	0	0	948	5077	50	26	-1	
4	1	476	1	1	0	948	5077	50	26	-1	
5	1	476	1	1	1	948	5077	50	26	36.466328	Is}
2	1	477	0	0	0	1533	5097	52	17	-1	
3	1	477	1	0	0	1533	5097	52	17	-1	
4	1	477	1	1	0	1533	5097	52	17	-1	
5	1	477	1	1	1	1533	5097	52	17	44.713707	D60E
2	1	478	0	0	0	1876	5098	15	9	-1	
3	1	478	1	0	0	1876	5098	15	9	-1	
4	1	478	1	1	0	1876	5098	15	9	-1	
5	1	478	1	1	1	1876	5098	15	9	19.779579	a
2	1	479	0	0	0	1906	5064	57	25	-1	
3	1	479	1	0	0	1906	5064	57	25	-1	
4	1	479	1	1	0	1906	5064	57	25	-1	
5	1	479	1	1	1	1901	5054	62	35	61.027542	4d-
2	1	480	0	0	0	2090	5070	61	26	-1	
3	1	480	1	0	0	2090	5070	61	26	-1	
4	1	480	1	1	0	2090	5070	61	26	-1	
5	1	480	1	1	1	2090	5070	61	26	11.050323	ae
2	1	481	0	0	0	2201	5094	54	17	-1	
3	1	481	1	0	0	2201	5094	54	17	-1	
4	1	481	1	1	0	2201	5094	54	17	-1	
5	1	481	1	1	1	2201	5094	54	17	58.824215	1602
2	1	482	0	0	0	2967	5066	33	35	-1	
3	1	482	1	0	0	2967	5066	33	35	-1	
4	1	482	1	1	0	2967	5066	33	35	-1	
5	1	482	1	1	1	2967	5066	33	35	64.038795	{=
2	1	483	0	0	0	3012	5079	27	29	-1	
3	1	483	1	0	0	3012	5079	27	29	-1	
4	1	483	1	1	0	3012	5079	27	29	-1	
5	1	483	1	1	1	3012	5079	27	29	84.335213	\~
2	1	484	0	0	0	948	5112	48	21	-1	
3	1	484	1	0	0	948	5112	48	21	-1	
4	1	484	1	1	0	948	5112	48	21	-1	
5	1	484	1	1	1	944	5108	6	35	26.959969	|
5	1	484	1	1	2	976	5112	20	21	39.269009	|
2	1	485	0	0	0	1365	5069	79	91	-1	
3	1	485	1	0	0	1365	5069	81	91	-1	
4	1	485	1	1	0	1365	5069	79	91	-1	
5	1	485	1	1	1	1365	5069	79	91	56.458073	&
2	1	486	0	0	0	1531	5121	59	25	-1	
3	1	486	1	0	0	1531	5121	59	25	-1	
4	1	486	1	1	0	1531	5121	59	25	-1	
5	1	486	1	1	1	1531	5121	59	25	72.256119	He
2	1	487	0	0	0	1951	5143	10	2	-1	
3	1	487	1	0	0	1951	5143	10	2	-1	
4	1	487	1	1	0	1951	5143	10	2	-1	
5	1	487	1	1	1	1951	5143	10	2	91.733681	=
2	1	488	0	0	0	2967	5110	49	33	-1	
3	1	488	1	0	0	2967	5110	49	33	-1	
4	1	488	1	1	0	2967	5110	49	33	-1	
5	1	488	1	1	1	2967	5110	49	33	6.463081	haa
2	1	489	0	0	0	1571	5129	82	68	-1	
3	1	489	1	0	0	1571	5129	82	68	-1	
4	1	489	1	1	0	1571	5129	82	68	-1	
5	1	489	1	1	1	1571	5129	82	68	54.696503	rile
2	1	490	0	0	0	2095	5143	133	47	-1	
3	1	490	1	0	0	2095	5143	133	47	-1	
4	1	490	1	1	0	2095	5143	133	47	-1	
5	1	490	1	1	1	2095	5143	133	47	25.101746	ee
2	1	491	0	0	0	2967	5146	48	21	-1	
3	1	491	1	0	0	2967	5146	48	21	-1	
4	1	491	1	1	0	2967	5146	48	21	-1	
5	1	491	1	1	1	2967	5146	48	21	61.743038	Cu
2	1	492	0	0	0	1858	5142	104	85	-1	
3	1	492	1	0	0	1858	5142	104	85	-1	
4	1	492	1	1	0	1858	5142	104	85	-1	
5	1	492	1	1	1	1858	5180	38	22	54.986595	On
5	1	492	1	1	2	1920	5142	42	85	45.967808	[7
2	1	493	0	0	0	2017	5142	82	59	-1	
3	1	493	1	0	0	2017	5142	82	59	-1	
4	1	493	1	1	0	2017	5142	82	59	-1	
5	1	493	1	1	1	2017	5142	82	59	38.038883	Teel
2	1	494	0	0	0	2358	5199	65	18	-1	
3	1	494	1	0	0	2358	5199	65	18	-1	
4	1	494	1	1	0	2358	5199	65	18	-1	
5	1	494	1	1	1	2358	5199	65	18	90.605675	0605
2	1	495	0	0	0	1118	5111	207	139	-1	
3	1	495	1	0	0	1118	5111	207	139	-1	
4	1	495	1	1	0	1118	5111	207	139	-1	
5	1	495	1	1	1	1118	5121	21	79	0.000000	]
5	1	495	1	1	2	1255	5111	70	139	18.831589	Lt
2	1	496	0	0	0	1572	5168	129	61	-1	
3	1	496	1	0	0	1572	5168	129	61	-1	
4	1	496	1	1	0	1572	5168	129	61	-1	
5	1	496	1	1	1	1572	5204	3	22	83.718079	|
5	1	496	1	1	2	1594	5168	107	61	50.160107	ae
2	1	497	0	0	0	1676	5143	199	86	-1	
3	1	497	1	0	0	1676	5143	199	86	-1	
4	1	497	1	1	0	1676	5143	199	86	-1	
5	1	497	1	1	1	1676	5143	48	58	27.686218	83
5	1	497	1	1	2	1743	5144	132	85	29.215904	Rs
2	1	498	0	0	0	1742	5235	11	18	-1	
3	1	498	1	0	0	1742	5235	11	18	-1	
4	1	498	1	1	0	1742	5235	11	18	-1	
5	1	498	1	1	1	1742	5235	11	18	52.654957	t
2	1	499	0	0	0	1783	5240	71	15	-1	
3	1	499	1	0	0	1783	5240	71	15	-1	
4	1	499	1	1	0	1783	5240	71	15	-1	
5	1	499	1	1	1	1783	5240	71	15	20.110641	o-4
2	1	500	0	0	0	1920	5209	110	44	-1	
3	1	500	1	0	0	1920	5209	110	44	-1	
4	1	500	1	1	0	1920	5209	110	44	-1	
5	1	500	1	1	1	1920	5209	110	44	5.197830	toa
2	1	501	0	0	0	2025	5200	112	33	-1	
3	1	501	1	0	0	2025	5200	112	33	-1	
4	1	501	1	1	0	2025	5200	112	33	-1	
5	1	501	1	1	1	2025	5204	51	29	0.000000	19-
5	1	501	1	1	2	2094	5200	43	26	61.417492	be
2	1	502	0	0	0	2095	5234	83	20	-1	
3	1	502	1	0	0	2095	5234	83	20	-1	
4	1	502	1	1	0	2095	5234	83	20	-1	
5	1	502	1	1	1	2095	5234	17	19	88.744629	L
5	1	502	1	1	2	2129	5248	49	6	54.498219	+
2	1	503	0	0	0	2199	5204	29	48	-1	
3	1	503	1	0	0	2199	5204	29	48	-1	
4	1	503	1	1	0	2199	5204	29	48	-1	
5	1	503	1	1	1	2199	5204	29	48	37.942165	8
2	1	504	0	0	0	1076	5246	43	16	-1	
3	1	504	1	0	0	1076	5246	43	16	-1	
4	1	504	1	1	0	1076	5246	43	16	-1	
5	1	504	1	1	1	1076	5246	43	16	44.862518	D6!
2	1	505	0	0	0	1571	5204	124	62	-1	
3	1	505	1	0	0	1571	5204	124	62	-1	
4	1	505	1	1	0	1571	5204	124	62	-1	
5	1	505	1	1	1	1571	5204	124	62	29.758781	cy
2	1	506	0	0	0	2219	5255	6	22	-1	
3	1	506	1	0	0	2219	5255	6	22	-1	
4	1	506	1	1	0	2219	5255	6	22	-1	
5	1	506	1	1	1	2219	5255	6	22	85.903954	!
2	1	507	0	0	0	2358	5254	60	18	-1	
3	1	507	1	0	0	2358	5254	60	18	-1	
4	1	507	1	1	0	2358	5254	60	18	-1	
5	1	507	1	1	1	2358	5254	60	18	73.313614	0615
2	1	508	0	0	0	1699	5294	10	10	-1	
3	1	508	1	0	0	1699	5294	10	10	-1	
4	1	508	1	1	0	1699	5294	10	10	-1	
5	1	508	1	1	1	1699	5294	10	10	43.528637	«
2	1	509	0	0	0	1742	5292	16	11	-1	
3	1	509	1	0	0	1742	5292	16	11	-1	
4	1	509	1	1	0	1742	5292	16	11	-1	
5	1	509	1	1	1	1742	5292	16	11	40.964169	eq
2	1	510	0	0	0	1912	5308	10	10	-1	
3	1	510	1	0	0	1912	5308	10	10	-1	
4	1	510	1	1	0	1912	5308	10	10	-1	
5	1	510	1	1	1	1912	5308	10	10	64.968147	«
2	1	511	0	0	0	2878	5280	19	31	-1	
3	1	511	1	0	0	2878	5280	19	31	-1	
4	1	511	1	1	0	2878	5280	19	31	-1	
5	1	511	1	1	1	2878	5280	19	31	49.898987	a
2	1	512	0	0	0	1372	5148	204	187	-1	
3	1	512	1	0	0	1372	5148	204	187	-1	
4	1	512	1	1	0	1372	5148	204	187	-1	
5	1	512	1	1	1	1372	5148	204	187	59.963226	ALG
2	1	513	0	0	0	2307	5322	77	13	-1	
3	1	513	1	0	0	2307	5322	77	13	-1	
4	1	513	1	1	0	2307	5322	77	13	-1	
5	1	513	1	1	1	2307	5322	77	13	2.725952	orn
2	1	514	0	0	0	2460	5332	66	18	-1	
3	1	514	1	0	0	2460	5332	66	18	-1	
4	1	514	1	1	0	2460	5332	66	18	-1	
5	1	514	1	1	1	2460	5332	66	18	95.413132	0608
2	1	515	0	0	0	2682	5304	45	36	-1	
3	1	515	1	0	0	2682	5304	45	36	-1	
4	1	515	1	1	0	2682	5304	45	36	-1	
5	1	515	1	1	1	2682	5304	45	36	38.541111	48
2	1	516	0	0	0	2796	5275	76	65	-1	
3	1	516	1	0	0	2796	5275	76	65	-1	
4	1	516	1	1	0	2796	5275	76	65	-1	
5	1	516	1	1	1	2796	5275	76	65	26.272095	+34
2	1	517	0	0	0	2997	5316	48	34	-1	
3	1	517	1	0	0	2997	5316	48	34	-1	
4	1	517	1	1	0	2997	5316	48	34	-1	
5	1	517	1	1	1	2997	5316	48	34	64.041977	ral
2	1	518	0	0	0	1129	5318	91	49	-1	
3	1	518	1	0	0	1129	5318	91	49	-1	
4	1	518	1	1	0	1129	5318	91	49	-1	
5	1	518	1	1	1	1129	5318	8	45	56.716496	1
5	1	518	1	1	2	1154	5319	66	48	20.119820	at
2	1	519	0	0	0	1230	5318	59	63	-1	
3	1	519	1	0	0	1230	5318	59	63	-1	
4	1	519	1	1	0	1230	5318	59	63	-1	
5	1	519	1	1	1	1230	5318	59	63	59.943089	133
2	1	520	0	0	0	1744	5354	112	24	-1	
3	1	520	1	0	0	1744	5354	112	24	-1	
4	1	520	1	1	0	1744	5354	112	24	-1	
5	1	520	1	1	1	1744	5354	42	22	30.706932	na
5	1	520	1	1	2	1801	5354	55	24	27.811775	Zan
2	1	521	0	0	0	1870	5254	17	119	-1	
3	1	521	1	0	0	1870	5254	17	119	-1	
4	1	521	1	1	0	1870	5254	17	119	-1	
5	1	521	1	1	1	1870	5254	17	119	95.011185	|
2	1	522	0	0	0	1920	5357	16	56	-1	
3	1	522	1	0	0	1920	5357	16	56	-1	
4	1	522	1	1	0	1920	5357	16	56	-1	
5	1	522	1	1	1	1920	5357	16	56	19.861374	‘
2	1	523	0	0	0	2007	5175	246	230	-1	
3	1	523	1	0	0	2007	5175	246	230	-1	
4	1	523	1	1	0	2007	5175	246	230	-1	
5	1	523	1	1	1	2007	5357	47	33	44.141167	2
5	1	523	1	1	2	2062	5175	191	230	26.965508	tea
2	1	524	0	0	0	2307	5350	25	25	-1	
3	1	524	1	0	0	2307	5350	25	25	-1	
4	1	524	1	1	0	2307	5350	25	25	-1	
5	1	524	1	1	1	2307	5350	25	25	23.836372	4)
2	1	525	0	0	0	2698	5351	29	14	-1	
3	1	525	1	0	0	2698	5351	29	14	-1	
4	1	525	1	1	0	2698	5351	29	14	-1	
5	1	525	1	1	1	2698	5351	29	18	40.697140	tu
2	1	526	0	0	0	2996	5351	48	25	-1	
3	1	526	1	0	0	2996	5351	48	25	-1	
4	1	526	1	1	0	2996	5351	48	25	-1	
5	1	526	1	1	1	2996	5351	48	25	24.932999	I~!
2	1	527	0	0	0	1059	5358	230	58	-1	
3	1	527	1	0	0	1059	5358	230	58	-1	
4	1	527	1	1	0	1059	5358	230	58	-1	
5	1	527	1	1	1	1059	5387	50	29	66.045914	fol
5	1	527	1	1	2	1130	5377	4	24	94.557884	|
5	1	527	1	1	3	1155	5358	86	52	36.763390	Shag
5	1	527	1	1	4	1250	5362	39	42	24.021004	SS
2	1	528	0	0	0	1352	5307	48	86	-1	
3	1	528	1	0	0	1352	5307	48	86	-1	
4	1	528	1	1	0	1352	5307	48	86	-1	
5	1	528	1	1	1	1352	5307	48	86	15.233536	|
2	1	529	0	0	0	1851	5387	45	21	-1	
3	1	529	1	0	0	1851	5387	45	21	-1	
4	1	529	1	1	0	1851	5387	45	21	-1	
5	1	529	1	1	1	1851	5387	45	29	48.076557	Ie
2	1	530	0	0	0	2027	5378	74	46	-1	
3	1	530	1	0	0	2027	5378	74	46	-1	
4	1	530	1	1	0	2027	5378	74	46	-1	
5	1	530	1	1	1	2027	5378	74	46	36.917988	lag!
2	1	531	0	0	0	2202	5386	27	22	-1	
3	1	531	1	0	0	2202	5386	27	22	-1	
4	1	531	1	1	0	2202	5386	27	22	-1	
5	1	531	1	1	1	2202	5386	27	22	74.792633	|o
2	1	532	0	0	0	2309	5384	23	24	-1	
3	1	532	1	0	0	2309	5384	23	24	-1	
4	1	532	1	1	0	2309	5384	23	24	-1	
5	1	532	1	1	1	2309	5384	23	24	62.427635	»|
2	1	533	0	0	0	2591	5376	137	28	-1	
3	1	533	1	0	0	2591	5376	137	28	-1	
4	1	533	1	1	0	2591	5376	137	28	-1	
5	1	533	1	1	1	2591	5376	137	28	16.551193	ioe
2	1	534	0	0	0	2998	5383	48	32	-1	
3	1	534	1	0	0	2998	5383	48	32	-1	
4	1	534	1	1	0	2998	5383	48	32	-1	
5	1	534	1	1	1	2998	5383	48	32	53.106274	at
2	1	535	0	0	0	1060	5410	180	38	-1	
3	1	535	1	0	0	1060	5410	180	38	-1	
4	1	535	1	1	0	1060	5410	180	38	-1	
5	1	535	1	1	1	1060	5418	48	30	61.150822	lol
5	1	535	1	1	2	1140	5410	100	18	0.000000	-=-4
2	1	536	0	0	0	1571	5354	112	113	-1	
3	1	536	1	0	0	1571	5354	112	113	-1	
4	1	536	1	1	0	1571	5354	112	113	-1	
5	1	536	1	1	1	1571	5354	112	113	29.466255	WE}
2	1	537	0	0	0	1850	5387	107	61	-1	
3	1	537	1	0	0	1850	5387	107	61	-1	
4	1	537	1	1	0	1850	5387	107	61	-1	
5	1	537	1	1	1	1850	5412	46	32	0.000000	Ik~
5	1	537	1	1	2	1920	5387	37	61	50.618515	be.
2	1	538	0	0	0	2027	5416	74	26	-1	
3	1	538	1	0	0	2027	5416	74	26	-1	
4	1	538	1	1	0	2027	5416	74	26	-1	
5	1	538	1	1	1	2027	5416	74	26	24.264977	lo=4
2	1	539	0	0	0	2203	5418	27	20	-1	
3	1	539	1	0	0	2203	5418	27	20	-1	
4	1	539	1	1	0	2203	5418	27	20	-1	
5	1	539	1	1	1	2203	5418	27	20	70.502113	lo
2	1	540	0	0	0	2308	5410	108	22	-1	
3	1	540	1	0	0	2308	5410	108	22	-1	
4	1	540	1	1	0	2308	5410	108	22	-1	
5	1	540	1	1	1	2308	5406	46	35	23.689568	Su,
5	1	540	1	1	2	2374	5426	42	6	32.158310	+e
2	1	541	0	0	0	2625	5411	102	19	-1	
3	1	541	1	0	0	2625	5411	102	19	-1	
4	1	541	1	1	0	2625	5411	102	19	-1	
5	1	541	1	1	1	2625	5411	102	19	0.000000	-—Jm
2	1	542	0	0	0	2998	5424	35	27	-1	
3	1	542	1	0	0	2998	5424	35	27	-1	
4	1	542	1	1	0	2998	5424	35	27	-1	
5	1	542	1	1	1	2998	5424	35	27	56.544884	Ja
2	1	543	0	0	0	3041	5414	25	24	-1	
3	1	543	1	0	0	3041	5414	25	24	-1	
4	1	543	1	1	0	3041	5414	25	24	-1	
5	1	543	1	1	1	3041	5414	25	24	94.443863	12
2	1	544	0	0	0	3050	5431	16	12	-1	
3	1	544	1	0	0	3050	5431	16	12	-1	
4	1	544	1	1	0	3050	5431	16	12	-1	
5	1	544	1	1	1	3050	5431	16	12	30.149559	°
2	1	545	0	0	0	1059	5451	49	65	-1	
3	1	545	1	0	0	1059	5451	49	65	-1	
4	1	545	1	1	0	1059	5451	49	65	-1	
5	1	545	1	1	1	1059	5451	49	65	28.474106	13
2	1	546	0	0	0	1744	5422	85	42	-1	
3	1	546	1	0	0	1744	5422	85	42	-1	
4	1	546	1	1	0	1744	5422	85	42	-1	
5	1	546	1	1	1	1744	5422	85	42	34.508095	aS
2	1	547	0	0	0	1844	5448	11	15	-1	
3	1	547	1	0	0	1844	5448	11	15	-1	
4	1	547	1	1	0	1844	5448	11	15	-1	
5	1	547	1	1	1	1844	5448	11	15	96.055695	4
2	1	548	0	0	0	1921	5431	71	36	-1	
3	1	548	1	0	0	1921	5431	71	36	-1	
4	1	548	1	1	0	1921	5431	71	36	-1	
5	1	548	1	1	1	1921	5431	71	36	52.573608	Le
2	1	549	0	0	0	2013	5449	18	16	-1	
3	1	549	1	0	0	2013	5449	18	16	-1	
4	1	549	1	1	0	2013	5449	18	16	-1	
5	1	549	1	1	1	2013	5449	18	16	79.508209	4
2	1	550	0	0	0	2097	5446	109	21	-1	
3	1	550	1	0	0	2097	5446	109	21	-1	
4	1	550	1	1	0	2097	5446	109	21	-1	
5	1	550	1	1	1	2125	5446	81	21	35.262650	a
5	1	550	1	1	2	2203	5442	7	35	79.469376	|
2	1	551	0	0	0	2515	5406	84	71	-1	
3	1	551	1	0	0	2515	5406	84	71	-1	
4	1	551	1	1	0	2515	5406	84	71	-1	
5	1	551	1	1	1	2515	5406	28	71	20.509796	|.
5	1	551	1	1	2	2593	5411	6	17	74.615250	L
2	1	552	0	0	0	2998	5461	36	26	-1	
3	1	552	1	0	0	2998	5461	36	26	-1	
4	1	552	1	1	0	2998	5461	36	26	-1	
5	1	552	1	1	1	2998	5461	4	26	76.358871	|
5	1	552	1	1	2	3015	5461	19	13	82.247192	w
2	1	553	0	0	0	441	5488	49	29	-1	
3	1	553	1	0	0	441	5488	49	29	-1	
4	1	553	1	1	0	441	5488	49	29	-1	
5	1	553	1	1	1	441	5488	49	29	61.247032	Os,
2	1	554	0	0	0	1073	5474	57	48	-1	
3	1	554	1	0	0	1073	5474	57	48	-1	
4	1	554	1	1	0	1073	5474	57	48	-1	
5	1	554	1	1	1	1073	5474	57	48	14.332840	313
2	1	555	0	0	0	1643	5470	44	48	-1	
3	1	555	1	0	0	1643	5470	44	48	-1	
4	1	555	1	1	0	1643	5470	44	48	-1	
5	1	555	1	1	1	1643	5470	44	48	26.881203	rr)
2	1	556	0	0	0	2751	5360	74	142	-1	
3	1	556	1	0	0	2751	5360	74	142	-1	
4	1	556	1	1	0	2751	5360	74	142	-1	
5	1	556	1	1	1	2622	5319	203	183	38.926872	aie
2	1	557	0	0	0	2998	5496	35	23	-1	
3	1	557	1	0	0	2998	5496	35	23	-1	
4	1	557	1	1	0	2998	5496	35	23	-1	
5	1	557	1	1	1	2998	5496	35	23	29.340942	{=
2	1	558	0	0	0	3015	5480	30	24	-1	
3	1	558	1	0	0	3015	5480	30	24	-1	
4	1	558	1	1	0	3015	5480	30	24	-1	
5	1	558	1	1	1	3015	5480	30	24	59.679646	n|
2	1	559	0	0	0	474	5453	211	95	-1	
3	1	559	1	0	0	474	5453	211	95	-1	
4	1	559	1	1	0	474	5453	211	95	-1	
5	1	559	1	1	1	474	5453	211	95	0.000000	SEEELIE
2	1	560	0	0	0	710	5472	38	56	-1	
3	1	560	1	0	0	710	5472	38	56	-1	
4	1	560	1	1	0	710	5472	38	56	-1	
5	1	560	1	1	1	710	5472	38	56	0.000000	-f
2	1	561	0	0	0	715	5533	42	18	-1	
3	1	561	1	0	0	715	5533	42	18	-1	
4	1	561	1	1	0	715	5533	42	18	-1	
5	1	561	1	1	1	715	5533	42	18	37.925087	eC.
2	1	562	0	0	0	748	5437	59	92	-1	
3	1	562	1	0	0	748	5437	59	92	-1	
4	1	562	1	1	0	748	5437	59	92	-1	
5	1	562	1	1	1	748	5437	59	92	7.304688	a
2	1	563	0	0	0	1059	5488	71	76	-1	
3	1	563	1	0	0	1059	5488	71	76	-1	
4	1	563	1	1	0	1059	5488	71	76	-1	
5	1	563	1	1	1	1059	5488	71	76	46.459877	i213
2	1	564	0	0	0	2998	5514	47	20	-1	
3	1	564	1	0	0	2998	5514	47	20	-1	
4	1	564	1	1	0	2998	5514	47	20	-1	
5	1	564	1	1	1	2998	5514	47	20	68.016472	cd
2	1	565	0	0	0	398	5540	64	29	-1	
3	1	565	1	0	0	398	5540	64	29	-1	
4	1	565	1	1	0	398	5540	64	29	-1	
5	1	565	1	1	1	398	5540	64	29	79.061005	aval
2	1	566	0	0	0	1059	5567	33	23	-1	
3	1	566	1	0	0	1059	5567	33	23	-1	
4	1	566	1	1	0	1059	5567	33	23	-1	
5	1	566	1	1	1	1059	5567	33	23	78.438187	In
2	1	567	0	0	0	397	5580	64	19	-1	
3	1	567	1	0	0	397	5580	64	19	-1	
4	1	567	1	1	0	397	5580	64	19	-1	
5	1	567	1	1	1	397	5580	64	19	0.000000	PVR
2	1	568	0	0	0	747	5587	49	16	-1	
3	1	568	1	0	0	747	5587	49	16	-1	
4	1	568	1	1	0	747	5587	49	16	-1	
5	1	568	1	1	1	747	5587	49	16	0.000000	i
2	1	569	0	0	0	1059	5602	33	23	-1	
3	1	569	1	0	0	1059	5602	33	23	-1	
4	1	569	1	1	0	1059	5602	33	23	-1	
5	1	569	1	1	1	1059	5602	33	23	25.346802	tc
2	1	570	0	0	0	398	5607	64	24	-1	
3	1	570	1	0	0	398	5607	64	24	-1	
4	1	570	1	1	0	398	5607	64	24	-1	
5	1	570	1	1	1	398	5607	64	24	27.081635	212
2	1	571	0	0	0	571	5572	31	64	-1	
3	1	571	1	0	0	571	5572	31	64	-1	
4	1	571	1	1	0	571	5572	31	64	-1	
5	1	571	1	1	1	571	5572	31	64	67.966629	al
2	1	572	0	0	0	399	5641	62	23	-1	
3	1	572	1	0	0	399	5641	62	23	-1	
4	1	572	1	1	0	399	5641	62	23	-1	
5	1	572	1	1	1	399	5641	62	23	33.272186	a42v
2	1	573	0	0	0	343	5709	70	13	-1	
3	1	573	1	0	0	343	5709	70	13	-1	
4	1	573	1	1	0	343	5709	70	13	-1	
5	1	573	1	1	1	343	5709	70	13	0.000000	—e
5	1	573	1	1	2	399	5699	17	28	47.513428	3
2	1	574	0	0	0	402	5690	50	19	-1	
3	1	574	1	0	0	402	5690	50	19	-1	
4	1	574	1	1	0	402	5690	50	19	-1	
5	1	574	1	1	1	402	5690	50	19	95.882408	Pitch
2	1	575	0	0	0	520	5684	85	45	-1	
3	1	575	1	0	0	520	5684	85	45	-1	
4	1	575	1	1	0	520	5684	85	45	-1	
5	1	575	1	1	1	520	5684	85	45	42.737789	TT?
2	1	576	0	0	0	747	5685	53	22	-1	
3	1	576	1	0	0	747	5685	53	22	-1	
4	1	576	1	1	0	747	5685	53	22	-1	
5	1	576	1	1	1	747	5685	53	22	20.338562	ul
2	1	577	0	0	0	343	5735	118	22	-1	
3	1	577	1	0	0	343	5735	118	22	-1	
4	1	577	1	1	0	343	5735	118	22	-1	
5	1	577	1	1	1	343	5731	42	34	41.700874	—#
5	1	577	1	1	2	401	5731	63	34	63.080772	s0SC|
2	1	578	0	0	0	530	5747	119	26	-1	
3	1	578	1	0	0	530	5747	119	26	-1	
4	1	578	1	1	0	530	5747	119	26	-1	
5	1	578	1	1	1	530	5747	119	26	20.070450	R373.
5	1	578	1	1	2	640	5743	13	37	5.269714	5
2	1	579	0	0	0	399	5803	41	21	-1	
3	1	579	1	0	0	399	5803	41	21	-1	
4	1	579	1	1	0	399	5803	41	21	-1	
5	1	579	1	1	1	395	5799	15	35	34.193459	i
2	1	580	0	0	0	740	5793	61	20	-1	
3	1	580	1	0	0	740	5793	61	20	-1	
4	1	580	1	1	0	740	5793	61	20	-1	
5	1	580	1	1	1	740	5793	61	20	91.074829	C362
2	1	581	0	0	0	1211	5799	126	45	-1	
3	1	581	1	0	0	1211	5799	126	45	-1	
4	1	581	1	1	0	1211	5799	126	45	-1	
5	1	581	1	1	1	1211	5799	126	45	0.000000	——?
2	1	582	0	0	0	1136	5847	136	27	-1	
3	1	582	1	0	0	1136	5847	136	27	-1	
4	1	582	1	1	0	1136	5847	136	27	-1	
5	1	582	1	1	1	1136	5855	18	13	37.733223	@
5	1	582	1	1	2	1183	5847	50	27	13.978050	jis
5	1	582	1	1	3	1254	5848	18	14	46.177406	*
2	1	583	0	0	0	1815	5877	24	28	-1	
3	1	583	1	0	0	1815	5877	24	28	-1	
4	1	583	1	1	0	1815	5877	24	28	-1	
5	1	583	1	1	1	1815	5877	24	28	37.390179	{|
2	1	584	0	0	0	427	5905	26	56	-1	
3	1	584	1	0	0	427	5905	26	56	-1	
4	1	584	1	1	0	427	5905	26	56	-1	
5	1	584	1	1	1	427	5905	26	56	43.400211	-
2	1	585	0	0	0	601	5875	58	91	-1	
3	1	585	1	0	0	601	5875	58	91	-1	
4	1	585	1	1	0	601	5875	58	91	-1	
5	1	585	1	1	1	601	5875	58	91	77.595520	if
2	1	586	0	0	0	1156	5918	30	24	-1	
3	1	586	1	0	0	1156	5918	30	24	-1	
4	1	586	1	1	0	1156	5918	30	24	-1	
5	1	586	1	1	1	1156	5918	30	24	18.731125	1
2	1	587	0	0	0	1103	5952	20	29	-1	
3	1	587	1	0	0	1103	5952	20	29	-1	
4	1	587	1	1	0	1103	5952	20	29	-1	
5	1	587	1	1	1	1103	5952	20	29	26.314018	|!
2	1	588	0	0	0	1132	5946	56	31	-1	
3	1	588	1	0	0	1132	5946	56	31	-1	
4	1	588	1	1	0	1132	5946	56	31	-1	
5	1	588	1	1	1	1132	5946	56	31	67.663940	wr]
2	1	589	0	0	0	472	5886	95	130	-1	
3	1	589	1	0	0	472	5886	95	130	-1	
4	1	589	1	1	0	472	5886	95	130	-1	
5	1	589	1	1	1	472	5886	95	130	30.783752	iy
2	1	590	0	0	0	660	5872	108	133	-1	
3	1	590	1	0	0	660	5872	108	133	-1	
4	1	590	1	1	0	660	5872	108	133	-1	
5	1	590	1	1	1	660	5872	108	133	0.000000	f
2	1	591	0	0	0	1119	5980	88	36	-1	
3	1	591	1	0	0	1119	5980	88	36	-1	
4	1	591	1	1	0	1119	5980	88	36	-1	
5	1	591	1	1	1	1119	5980	88	36	37.434124	|e
2	1	592	0	0	0	1119	6007	67	45	-1	
3	1	592	1	0	0	1119	6007	67	45	-1	
4	1	592	1	1	0	1119	6007	67	45	-1	
5	1	592	1	1	1	1119	6007	46	26	61.107822	Lay
5	1	592	1	1	2	1181	6025	5	27	66.716034	|
2	1	593	0	0	0	3023	5987	45	57	-1	
3	1	593	1	0	0	3023	5987	45	57	-1	
4	1	593	1	1	0	3023	5987	45	57	-1	
5	1	593	1	1	1	3023	5987	45	57	71.003983	of
2	1	594	0	0	0	418	6034	146	66	-1	
3	1	594	1	0	0	418	6034	146	66	-1	
4	1	594	1	1	0	418	6034	146	66	-1	
5	1	594	1	1	1	418	6034	146	66	16.823029	aes
2	1	595	0	0	0	2538	6030	102	58	-1	
3	1	595	1	0	0	2538	6030	102	58	-1	
4	1	595	1	1	0	2538	6030	102	58	-1	
5	1	595	1	1	1	2538	6030	102	58	7.462448	yu
2	1	596	0	0	0	1793	6055	137	69	-1	
3	1	596	1	0	0	1793	6055	137	69	-1	
4	1	596	1	1	0	1793	6055	137	69	-1	
5	1	596	1	1	1	1793	6055	94	69	0.000000	Borie
5	1	596	1	1	2	1898	6070	32	50	0.000000	!®
2	1	597	0	0	0	2699	6011	99	122	-1	
3	1	597	1	0	0	2699	6011	99	122	-1	
4	1	597	1	1	0	2699	6011	99	122	-1	
5	1	597	1	1	1	2699	6011	99	122	0.000000	—?
2	1	598	0	0	0	606	6030	55	119	-1	
3	1	598	1	0	0	606	6030	55	119	-1	
4	1	598	1	1	0	606	6030	55	119	-1	
5	1	598	1	1	1	606	6030	55	119	0.000000	t
2	1	599	0	0	0	1182	6102	158	40	-1	
3	1	599	1	0	0	1182	6102	158	40	-1	
4	1	599	1	1	0	1182	6102	158	40	-1	
5	1	599	1	1	1	1182	6102	158	40	0.000000	L__s
2	1	600	0	0	0	1186	6137	77	27	-1	
3	1	600	1	0	0	1186	6137	77	27	-1	
4	1	600	1	1	0	1186	6137	77	27	-1	
5	1	600	1	1	1	1186	6137	50	16	38.007095	Rood
5	1	600	1	1	2	1250	6143	13	21	95.373596	J
2	1	601	0	0	0	2018	6012	335	152	-1	
3	1	601	1	0	0	2018	6012	335	152	-1	
4	1	601	1	1	0	2018	6012	335	152	-1	
5	1	601	1	1	1	2018	6012	90	83	6.569931	iiiis
5	1	601	1	1	2	2143	6013	63	151	46.255474	aa
5	1	601	1	1	3	2243	6017	110	143	52.028389	ie
2	1	602	0	0	0	783	6186	28	13	-1	
3	1	602	1	0	0	783	6186	28	13	-1	
4	1	602	1	1	0	783	6186	28	13	-1	
5	1	602	1	1	1	783	6186	28	13	31.097778	ol
2	1	603	0	0	0	1137	6145	107	43	-1	
3	1	603	1	0	0	1137	6145	107	43	-1	
4	1	603	1	1	0	1137	6145	107	43	-1	
5	1	603	1	1	1	1137	6145	27	28	41.213509	—_
5	1	603	1	1	2	1192	6156	52	32	38.502052	t™
2	1	604	0	0	0	1231	6181	14	16	-1	
3	1	604	1	0	0	1231	6181	14	16	-1	
4	1	604	1	1	0	1231	6181	14	16	-1	
5	1	604	1	1	1	1231	6181	14	16	81.153397	it
2	1	605	0	0	0	1793	6099	194	103	-1	
3	1	605	1	0	0	1793	6099	194	103	-1	
4	1	605	1	1	0	1793	6099	194	103	-1	
5	1	605	1	1	1	1793	6108	107	94	0.000000	"cad
5	1	605	1	1	2	1874	6099	113	102	59.682331	ite
2	1	606	0	0	0	2875	6188	56	15	-1	
3	1	606	1	0	0	2875	6188	56	15	-1	
4	1	606	1	1	0	2875	6188	56	15	-1	
5	1	606	1	1	1	2875	6188	56	15	0.000000	oN
2	1	607	0	0	0	426	6212	55	27	-1	
3	1	607	1	0	0	426	6212	55	27	-1	
4	1	607	1	1	0	426	6212	55	27	-1	
5	1	607	1	1	1	426	6212	55	27	38.916809	“iF
2	1	608	0	0	0	1211	6204	30	14	-1	
3	1	608	1	0	0	1211	6204	30	14	-1	
4	1	608	1	1	0	1211	6204	30	14	-1	
5	1	608	1	1	1	1211	6204	30	14	0.000000	C4l
2	1	609	0	0	0	2147	6158	70	82	-1	
3	1	609	1	0	0	2147	6158	70	82	-1	
4	1	609	1	1	0	2147	6158	70	82	-1	
5	1	609	1	1	1	2147	6158	70	82	50.423771	q
2	1	610	0	0	0	2703	6099	152	111	-1	
3	1	610	1	0	0	2703	6099	152	111	-1	
4	1	610	1	1	0	2703	6099	152	111	-1	
5	1	610	1	1	1	2703	6099	152	111	0.000000	n
2	1	611	0	0	0	2968	6111	67	108	-1	
3	1	611	1	0	0	2968	6111	67	108	-1	
4	1	611	1	1	0	2968	6111	67	108	-1	
5	1	611	1	1	1	2968	6111	67	108	28.774025	tH
2	1	612	0	0	0	553	6190	95	78	-1	
3	1	612	1	0	0	553	6190	95	78	-1	
4	1	612	1	1	0	553	6190	95	78	-1	
5	1	612	1	1	1	553	6190	95	78	9.706604	i
2	1	613	0	0	0	718	6262	61	22	-1	
3	1	613	1	0	0	718	6262	61	22	-1	
4	1	613	1	1	0	718	6262	61	22	-1	
5	1	613	1	1	1	718	6262	61	22	15.812683	388
2	1	614	0	0	0	2257	6154	234	129	-1	
3	1	614	1	0	0	2257	6154	234	129	-1	
4	1	614	1	1	0	2257	6154	234	129	-1	
5	1	614	1	1	1	2257	6154	234	129	0.000000	{Oya
2	1	615	0	0	0	656	6289	87	29	-1	
3	1	615	1	0	0	656	6289	87	29	-1	
4	1	615	1	1	0	656	6289	87	29	-1	
5	1	615	1	1	1	656	6289	87	29	88.827492	ax
5	1	615	1	1	2	718	6285	29	42	17.875076	7
2	1	616	0	0	0	2986	6229	66	87	-1	
3	1	616	1	0	0	2986	6229	66	87	-1	
4	1	616	1	1	0	2986	6229	66	87	-1	
5	1	616	1	1	1	2986	6229	66	87	20.805130	®
2	1	617	0	0	0	1119	6354	43	18	-1	
3	1	617	1	0	0	1119	6354	43	18	-1	
4	1	617	1	1	0	1119	6354	43	18	-1	
5	1	617	1	1	1	1119	6354	43	18	43.081001	£20!
2	1	618	0	0	0	1210	6352	126	8	-1	
3	1	618	1	0	0	1210	6352	126	8	-1	
4	1	618	1	1	0	1210	6352	126	8	-1	
5	1	618	1	1	1	1210	6340	59	28	43.887245	—_—
5	1	618	1	1	2	1299	6353	37	7	35.185143	=
2	1	619	0	0	0	384	6274	93	110	-1	
3	1	619	1	0	0	384	6274	93	110	-1	
4	1	619	1	1	0	384	6274	93	110	-1	
5	1	619	1	1	1	384	6274	93	110	37.171612	el
2	1	620	0	0	0	712	6362	91	31	-1	
3	1	620	1	0	0	712	6362	91	31	-1	
4	1	620	1	1	0	712	6362	91	31	-1	
5	1	620	1	1	1	712	6362	91	31	40.809906	6367
5	1	620	1	1	2	785	6358	22	44	71.956551	3
2	1	621	0	0	0	1969	6178	378	218	-1	
3	1	621	1	0	0	1969	6178	385	218	-1	
4	1	621	1	1	0	1969	6178	378	218	-1	
5	1	621	1	1	1	1969	6178	378	218	38.037266	oats
2	1	622	0	0	0	2563	6310	66	79	-1	
3	1	622	1	0	0	2563	6310	66	79	-1	
4	1	622	1	1	0	2563	6310	66	79	-1	
5	1	622	1	1	1	2563	6310	66	79	38.104877	mM
2	1	623	0	0	0	412	6413	49	16	-1	
3	1	623	1	0	0	412	6413	49	16	-1	
4	1	623	1	1	0	412	6413	49	16	-1	
5	1	623	1	1	1	412	6413	49	16	16.444931	—
2	1	624	0	0	0	491	6403	61	19	-1	
3	1	624	1	0	0	491	6403	61	19	-1	
4	1	624	1	1	0	491	6403	61	19	-1	
5	1	624	1	1	1	491	6403	61	19	67.843475	C353
2	1	625	0	0	0	1130	6388	56	36	-1	
3	1	625	1	0	0	1130	6388	56	36	-1	
4	1	625	1	1	0	1130	6388	56	36	-1	
5	1	625	1	1	1	1130	6388	56	36	46.031418	zi
2	1	626	0	0	0	2710	6296	275	137	-1	
3	1	626	1	0	0	2710	6296	275	137	-1	
4	1	626	1	1	0	2710	6296	275	137	-1	
5	1	626	1	1	1	2710	6296	93	137	68.444122	Dy
5	1	626	1	1	2	2838	6297	94	92	0.000000	M-
5	1	626	1	1	3	2963	6380	22	20	78.499039	.
2	1	627	0	0	0	342	6430	164	45	-1	
3	1	627	1	0	0	342	6430	164	45	-1	
4	1	627	1	1	0	342	6430	164	45	-1	
5	1	627	1	1	1	342	6430	164	45	29.319473	er
2	1	628	0	0	0	493	6425	57	25	-1	
3	1	628	1	0	0	493	6425	57	25	-1	
4	1	628	1	1	0	493	6425	57	25	-1	
5	1	628	1	1	1	493	6425	57	25	58.147217	se
2	1	629	0	0	0	1159	6423	26	29	-1	
3	1	629	1	0	0	1159	6423	26	29	-1	
4	1	629	1	1	0	1159	6423	26	29	-1	
5	1	629	1	1	1	1159	6423	26	29	71.444847	rl
2	1	630	0	0	0	2435	6331	90	126	-1	
3	1	630	1	0	0	2435	6331	90	126	-1	
4	1	630	1	1	0	2435	6331	90	126	-1	
5	1	630	1	1	1	2435	6331	90	126	51.339958	A
2	1	631	0	0	0	3009	6409	57	47	-1	
3	1	631	1	0	0	3009	6409	57	47	-1	
4	1	631	1	1	0	3009	6409	57	47	-1	
5	1	631	1	1	1	3009	6409	57	47	56.830555	#3
2	1	632	0	0	0	413	6469	56	24	-1	
3	1	632	1	0	0	413	6469	56	24	-1	
4	1	632	1	1	0	413	6469	56	24	-1	
5	1	632	1	1	1	413	6469	56	24	60.863800	aie
2	1	633	0	0	0	508	6426	84	91	-1	
3	1	633	1	0	0	508	6426	84	91	-1	
4	1	633	1	1	0	508	6426	84	91	-1	
5	1	633	1	1	1	508	6426	84	91	44.079876	cee
2	1	634	0	0	0	2848	6451	84	50	-1	
3	1	634	1	0	0	2848	6451	84	50	-1	
4	1	634	1	1	0	2848	6451	84	50	-1	
5	1	634	1	1	1	2848	6451	84	50	40.899040	nn
2	1	635	0	0	0	412	6486	93	35	-1	
3	1	635	1	0	0	412	6486	93	35	-1	
4	1	635	1	1	0	412	6486	93	35	-1	
5	1	635	1	1	1	408	6482	21	49	0.000000	se
2	1	636	0	0	0	493	6515	100	22	-1	
3	1	636	1	0	0	493	6515	100	22	-1	
4	1	636	1	1	0	493	6515	100	22	-1	
5	1	636	1	1	1	493	6515	100	22	24.745216	to
2	1	637	0	0	0	1132	6489	80	37	-1	
3	1	637	1	0	0	1132	6489	80	37	-1	
4	1	637	1	1	0	1132	6489	80	37	-1	
5	1	637	1	1	1	1132	6489	80	37	3.692970	Sie
2	1	638	0	0	0	1273	6443	65	73	-1	
3	1	638	1	0	0	1273	6443	65	73	-1	
4	1	638	1	1	0	1273	6443	65	73	-1	
5	1	638	1	1	1	1273	6443	65	73	66.197029	~
2	1	639	0	0	0	2089	6417	275	127	-1	
3	1	639	1	0	0	2089	6417	275	127	-1	
4	1	639	1	1	0	2089	6417	275	127	-1	
5	1	639	1	1	1	2089	6417	275	127	37.211422	te]
2	1	640	0	0	0	2423	6448	93	89	-1	
3	1	640	1	0	0	2423	6448	93	89	-1	
4	1	640	1	1	0	2423	6448	93	89	-1	
5	1	640	1	1	1	2423	6448	93	89	26.624870	it
2	1	641	0	0	0	2561	6447	233	92	-1	
3	1	641	1	0	0	2561	6447	233	92	-1	
4	1	641	1	1	0	2561	6447	233	92	-1	
5	1	641	1	1	1	2561	6447	95	92	33.680283	the’
5	1	641	1	1	2	2711	6449	83	52	38.733597	th
2	1	642	0	0	0	2851	6494	54	20	-1	
3	1	642	1	0	0	2851	6494	54	20	-1	
4	1	642	1	1	0	2851	6494	54	20	-1	
5	1	642	1	1	1	2851	6494	54	20	16.610680	tiihi
2	1	643	0	0	0	1850	6482	111	84	-1	
3	1	643	1	0	0	1850	6482	111	84	-1	
4	1	643	1	1	0	1850	6482	111	84	-1	
5	1	643	1	1	1	1850	6482	111	84	33.963516	ced,
2	1	644	0	0	0	400	6533	218	63	-1	
3	1	644	1	0	0	400	6533	218	63	-1	
4	1	644	1	1	0	400	6533	218	63	-1	
5	1	644	1	1	1	396	6529	64	76	40.168076	aay
5	1	644	1	1	2	565	6533	53	61	19.358856	pte
2	1	645	0	0	0	1130	6504	168	101	-1	
3	1	645	1	0	0	1130	6504	168	101	-1	
4	1	645	1	1	0	1130	6504	168	101	-1	
5	1	645	1	1	1	1130	6504	168	101	20.215240	a
2	1	646	0	0	0	493	6590	89	28	-1	
3	1	646	1	0	0	493	6590	89	28	-1	
4	1	646	1	1	0	493	6590	89	28	-1	
5	1	646	1	1	1	493	6590	89	28	0.000000	yes
2	1	647	0	0	0	519	6611	49	7	-1	
3	1	647	1	0	0	519	6611	49	7	-1	
4	1	647	1	1	0	519	6611	49	7	-1	
5	1	647	1	1	1	519	6611	49	7	28.372795	—
2	1	648	0	0	0	1178	6646	55	20	-1	
3	1	648	1	0	0	1178	6646	55	20	-1	
4	1	648	1	1	0	1178	6646	55	20	-1	
5	1	648	1	1	1	1178	6646	55	20	53.524204	cL
2	1	649	0	0	0	1278	6661	58	9	-1	
3	1	649	1	0	0	1278	6661	58	9	-1	
4	1	649	1	1	0	1278	6661	58	9	-1	
5	1	649	1	1	1	1278	6661	58	9	19.925430	-_-—
2	1	650	0	0	0	348	6850	222	3	-1	
3	1	650	1	0	0	348	6850	222	3	-1	
4	1	650	1	1	0	348	6850	222	3	-1	
5	1	650	1	1	1	348	6850	222	3	0.000000	i
2	1	651	0	0	0	1834	6848	45	2	-1	
3	1	651	1	0	0	1834	6848	45	2	-1	
4	1	651	1	1	0	1834	6848	45	2	-1	
5	1	651	1	1	1	1834	6848	45	2	0.000000	ee
