# pagina libro <- scansione originale. NB: scan0061 pagine 1-8 = duplicato di scan0060 (pp.87-94), scartate; usata scan0060
page_tag	book_page	scan_file	scan_pdf_page	osd_rot
p000a_cover	-	scan0056.pdf	32	0
p000b_contents	-	scan0056.pdf	31	0
p001	1	scan0056.pdf	29	0
p002	2	scan0056.pdf	30	0
p003	3	scan0056.pdf	28	0
p004	4	scan0056.pdf	27	0
p005	5	scan0056.pdf	25	0
p006	6	scan0056.pdf	26	0
p007	7	scan0056.pdf	24	0
p008	8	scan0056.pdf	23	0
p009	9	scan0056.pdf	21	0
p010	10	scan0056.pdf	22	0
p011	11	scan0056.pdf	20	0
p012	12	scan0056.pdf	19	0
p013	13	scan0056.pdf	17	0
p014	14	scan0056.pdf	18	0
p015	15	scan0056.pdf	16	0
p016	16	scan0056.pdf	15	0
p017	17	scan0056.pdf	13	0
p018	18	scan0056.pdf	14	0
p019	19	scan0056.pdf	12	0
p020	20	scan0056.pdf	11	0
p021	21	scan0056.pdf	9	0
p022	22	scan0056.pdf	10	0
p023	23	scan0056.pdf	8	0
p024	24	scan0056.pdf	7	0
p025	25	scan0056.pdf	5	0
p026	26	scan0056.pdf	6	0
p027	27	scan0056.pdf	4	0
p028	28	scan0056.pdf	3	0
p029	29	scan0056.pdf	2	0
p030	30	scan0056.pdf	1	0
p031	31	scan0058.pdf	2	0
p032	32	scan0058.pdf	1	0
p033	33	scan0057.pdf	18	180
p034	34	scan0057.pdf	17	180
p035	35	scan0057.pdf	15	180
p036	36	scan0057.pdf	16	180
p037	37	scan0057.pdf	14	180
p038	38	scan0057.pdf	13	180
p039	39	scan0057.pdf	11	180
p040	40	scan0057.pdf	12	180
p041	41	scan0057.pdf	10	180
p042	42	scan0057.pdf	9	180
p043	43	scan0057.pdf	7	180
p044	44	scan0057.pdf	8	180
p045	45	scan0057.pdf	6	180
p046	46	scan0057.pdf	5	180
p047	47	scan0057.pdf	3	180
p048	48	scan0057.pdf	4	180
p049	49	scan0057.pdf	2	180
p050	50	scan0057.pdf	1	180
p051	51	scan0058.pdf	21	0
p052	52	scan0058.pdf	22	0
p053	53	scan0058.pdf	20	0
p054	54	scan0058.pdf	19	0
p055	55	scan0058.pdf	17	0
p056	56	scan0058.pdf	18	0
p057	57	scan0058.pdf	16	0
p058	58	scan0058.pdf	15	0
p059	59	scan0058.pdf	13	0
p060	60	scan0058.pdf	14	0
p061	61	scan0058.pdf	12	0
p062	62	scan0058.pdf	11	0
p063	63	scan0058.pdf	9	0
p064	64	scan0058.pdf	10	0
p065	65	scan0058.pdf	8	0
p066	66	scan0058.pdf	7	0
p067	67	scan0058.pdf	5	0
p068	68	scan0058.pdf	6	0
p069	69	scan0058.pdf	4	0
p070	70	scan0058.pdf	3	0
p071	71	scan0059.pdf	2	180
p072	72	scan0059.pdf	1	180
p073	73	scan0059.pdf	3	180
p074	74	scan0059.pdf	4	180
p075	75	scan0059.pdf	6	180
p076	76	scan0059.pdf	5	180
p077	77	scan0059.pdf	7	180
p078	78	scan0059.pdf	8	180
p079	79	scan0059.pdf	10	180
p080	80	scan0059.pdf	9	180
p081	81	scan0059.pdf	11	180
p082	82	scan0059.pdf	12	180
p083	83	scan0059.pdf	14	180
p084	84	scan0059.pdf	13	180
p085	85	scan0059.pdf	15	180
p086	86	scan0059.pdf	16	180
p087	87	scan0060.pdf	1	0
p088	88	scan0060.pdf	2	0
p089	89	scan0060.pdf	4	0
p090	90	scan0060.pdf	3	0
p091	91	scan0060.pdf	5	180
p092	92	scan0060.pdf	6	180
p093	93	scan0060.pdf	8	180
p094	94	scan0060.pdf	7	180
p095	95	scan0061.pdf	10	0
p096	96	scan0061.pdf	9	0
p097	97	scan0061.pdf	12	180
p098	98	scan0061.pdf	11	180
p099	99	scan0061.pdf	13	0
p100	100	scan0061.pdf	14	0
p101	101	scan0061.pdf	16	0
p102	102	scan0061.pdf	15	0
p103	103	scan0061.pdf	17	0
p104	104	scan0061.pdf	18	0
p105	105	scan0061.pdf	20	0
p106	106	scan0061.pdf	19	0
p107	107	scan0061.pdf	21	0
p108	108	scan0061.pdf	22	0
p109	109	scan0061.pdf	24	90
p110	110	scan0061.pdf	23	0
p111	111	scan0062.pdf	1	0
p112	112	scan0062.pdf	2	0
p113	113	scan0062.pdf	3	0
p114	114	scan0062.pdf	4	0
p115	115	scan0062.pdf	6	0
p116	116	scan0062.pdf	5	90
p117	117	scan0062.pdf	7	90
p118	118	scan0062.pdf	8	90
p119	119	scan0062.pdf	10	90
p120	120	scan0062.pdf	9	0
p121	121	scan0062.pdf	11	0
p122	122	scan0062.pdf	12	0
p123	123	scan0062.pdf	14	0
p124	124	scan0062.pdf	13	0
p125	125	scan0062.pdf	15	0
p126	126	scan0062.pdf	16	0
p127	127	scan0062.pdf	18	0
p128	128	scan0062.pdf	17	0
p129	129	scan0062.pdf	19	0
p130	130	scan0062.pdf	20	0
p131	131	scan0063.pdf	2	180
p132	132	scan0063.pdf	1	180
p133	133	scan0063.pdf	3	180
p134	134	scan0063.pdf	4	180
p135	135	scan0063.pdf	6	180
p136	136	scan0063.pdf	5	180
p137	137	scan0063.pdf	7	180
p138	138	scan0063.pdf	8	180
p139	139	scan0063.pdf	10	180
p140	140	scan0063.pdf	9	180
p141	141	scan0063.pdf	11	180
p999_backcover	-	scan0063.pdf	12	180
