# token	kind	sheet	x300	y300	tiles	ocr_conf
2SA1309	part	S4_sch_2	2808	1262	r0c1/r0c2	28
2SA1309	part	S4_sch_2	7034	2790	r1c4/r1c5	50
2SB822	part	S4_sch_2	2922	527	r0c1/r0c2	87
2SD1055	part	S4_sch_2	2713	527	r0c1	91
2SD638	part	S4_sch_2	7033	2410	r1c4/r1c5	81
2SD973	part	S4_sch_2	7147	835	r0c4/r0c5	91
2SK301	part	S3_sch_1	4233	1581	r0c2/r0c3/r1c2/r1c3	59
2SK301	part	S4_sch_2	2661	1573	r0c1/r1c1	55
2SK301	part	S5_sch_3	1242	2342	r1c0	44
AN6552S	part	S4_sch_2	3292	1351	r0c2	93
AN6554N	part	S4_sch_2	3244	896	r0c2	68
AN6554NS	part	S4_sch_2	1983	530	r0c1	90
AN6564NS	part	S3_sch_1	4925	2563	r1c3	79
AN6914	part	S5_sch_3	920	908	r0c0	90
AN6914S	part	S4_sch_2	4044	1380	r0c2	88
AN78M05	part	S4_sch_2	7589	981	r0c5	51
AN78M15	part	S5_sch_3	4484	446	r0c3	24
AN78NI2	part	S4_sch_2	7118	1148	r0c4/r0c5	48
AN79L12	part	S4_sch_2	7121	1253	r0c4/r0c5	70
AN79NO5	part	S4_sch_2	7777	980	r0c5	86
AN8290S	part	S3_sch_1	5512	2506	r1c3	92
AN8370S	part	S4_sch_2	5803	2026	r1c4	91
BT302	ref	S4_sch_2	7530	2595	r1c5	86
BT407	ref	S4_sch_2	7532	2782	r1c5	90
BT601	ref	S4_sch_2	4544	772	r0c3	92
BT801	ref	S5_sch_3	2470	1305	r0c1	64
BT802	ref	S5_sch_3	2470	1559	r0c1/r1c1	78
BT805	ref	S5_sch_3	6412	2885	r1c4/r2c4	81
C011	ref	S4_sch_2	2353	460	r0c1	96
C011	ref	S4_sch_2	3309	451	r0c2	97
C011	ref	S6_block	281	1457	r0c0/r1c0	95
C011	ref	S6_block	363	1458	r0c0/r1c0	97
C011	ref	S6_block	754	2516	r1c0	97
C011	ref	S6_block	4953	1434	r0c3/r1c3	97
C100	ref	S1_pcb_A	6509	1563	r0c4/r1c4	83
C100	ref	S1_pcb_A	6573	1563	r0c4/r1c4	24
C100	ref	S3_sch_1	3255	507	r0c2	90
C100	ref	S3_sch_1	3314	1549	r0c2/r1c2	57
C100	ref	S3_sch_1	3471	1538	r0c2/r1c2	91
C101	ref	S4_sch_2	2134	604	r0c1	56
C103	ref	S4_sch_2	852	398	r0c0	46
C103	ref	S4_sch_2	2438	519	r0c1	35
C106	ref	S4_sch_2	1604	513	r0c1	38
C107	ref	S4_sch_2	2776	769	r0c1	34
C108	ref	S4_sch_2	3085	770	r0c2	29
C112	ref	S4_sch_2	3525	1085	r0c2	23
C120	ref	S4_sch_2	5792	1867	r1c3/r1c4	64
C122	ref	S4_sch_2	5796	1736	r1c3/r1c4	67
C123	ref	S4_sch_2	5797	1699	r1c3/r1c4	46
C124	ref	S4_sch_2	5797	1663	r1c3/r1c4	68
C129	ref	S2_pcb_B	769	1020	r0c0	77
C129	ref	S4_sch_2	5407	1391	r0c3	51
C132	ref	S4_sch_2	5730	1227	r0c3/r0c4	62
C133	ref	S4_sch_2	6302	2010	r1c4	62
C134	ref	S4_sch_2	6300	1861	r1c4	93
C138	ref	S4_sch_2	6229	1623	r1c4	69
C139	ref	S4_sch_2	6255	1542	r0c4/r1c4	35
C141	ref	S4_sch_2	6155	1299	r0c4	45
C142	ref	S4_sch_2	6570	1280	r0c4	78
C143	ref	S4_sch_2	6373	545	r0c4	65
C148	ref	S4_sch_2	2536	509	r0c1	86
C149	ref	S4_sch_2	1968	1071	r0c1	44
C150	ref	S4_sch_2	2133	1058	r0c1	27
C153	ref	S4_sch_2	6125	2012	r1c4	71
C155	ref	S2_pcb_B	628	1607	r1c0	69
C158	ref	S4_sch_2	6303	2247	r1c4	67
C286	ref	S2_pcb_B	1408	2371	r1c0/r1c1	41
C302	ref	S4_sch_2	4394	2399	r1c2/r1c3	80
C306	ref	S4_sch_2	3846	2311	r1c2	32
C307	ref	S4_sch_2	5977	2196	r1c4	93
C308	ref	S4_sch_2	4446	2173	r1c3	55
C309	ref	S4_sch_2	4745	1398	r0c3	80
C310	ref	S4_sch_2	4832	1378	r0c3	74
C312	ref	S4_sch_2	1827	2532	r1c1	51
C331	ref	S5_sch_3	1021	796	r0c0	68
C332	ref	S5_sch_3	1128	669	r0c0	76
C333	ref	S5_sch_3	1207	677	r0c0	87
C338	ref	S2_pcb_B	1477	2492	r1c0/r1c1	40
C351	ref	S3_sch_1	4325	2856	r1c2/r1c3/r2c2/r2c3	37
C352	ref	S3_sch_1	4710	2113	r1c3	89
C353	ref	S1_pcb_A	6412	2995	r1c4/r2c4	68
C353	ref	S3_sch_1	4806	2089	r1c3	57
C354	ref	S3_sch_1	4803	2248	r1c3	91
C354	ref	S5_sch_3	6598	551	r0c4	24
C355	ref	S3_sch_1	4979	2244	r1c3	82
C356	ref	S3_sch_1	4979	2167	r1c3	92
C357	ref	S3_sch_1	4274	1359	r0c2/r0c3	85
C359	ref	S3_sch_1	4406	1126	r0c3	94
C360	ref	S3_sch_1	4919	1978	r1c3	35
C362	ref	S1_pcb_A	5803	2746	r1c4	91
C362	ref	S3_sch_1	4646	1439	r0c3/r1c3	90
C363	ref	S3_sch_1	4589	1996	r1c3	90
C364	ref	S3_sch_1	4372	1998	r1c2/r1c3	81
C365	ref	S3_sch_1	4781	779	r0c3	80
C366	ref	S3_sch_1	4411	2854	r1c3/r2c3	88
C367	ref	S3_sch_1	4538	1382	r0c3	92
C370	ref	S3_sch_1	4858	1073	r0c3	49
C402	ref	S4_sch_2	1947	1202	r0c1	46
C403	ref	S4_sch_2	3531	2086	r1c2	56
C403	ref	S4_sch_2	3965	2311	r1c2	84
C404	ref	S4_sch_2	4025	2307	r1c2	80
C405	ref	S4_sch_2	3249	2197	r1c2	44
C406	ref	S4_sch_2	6820	2518	r1c4	85
C407	ref	S4_sch_2	6821	2691	r1c4	71
C408	ref	S2_pcb_B	1192	2902	r1c0/r2c0	21
C408	ref	S4_sch_2	6821	2861	r1c4/r2c4	73
C409	ref	S4_sch_2	2980	2789	r1c1/r1c2	85
C410	ref	S4_sch_2	1204	774	r0c0	88
C412	ref	S4_sch_2	6861	2095	r1c4	62
C417	ref	S4_sch_2	7651	2691	r1c5	80
C420	ref	S4_sch_2	7345	1547	r0c5/r1c5	79
C452	ref	S1_pcb_A	1550	3034	r2c0/r2c1	84
C502	ref	S3_sch_1	5708	2193	r1c3/r1c4	75
C506	ref	S3_sch_1	5332	2471	r1c3	95
C507	ref	S3_sch_1	5288	2688	r1c3	57
C513	ref	S3_sch_1	5740	3042	r2c3/r2c4	65
C803	ref	S6_block	7934	506	r0c5	30
C805	ref	S5_sch_3	5631	412	r0c3/r0c4	58
C806	ref	S5_sch_3	4674	782	r0c3	39
C807	ref	S5_sch_3	5138	888	r0c3	89
C808	ref	S5_sch_3	5138	1053	r0c3	76
C810	ref	S5_sch_3	5365	969	r0c3	63
C812	ref	S5_sch_3	4694	1116	r0c3	56
C822	ref	S5_sch_3	3240	1517	r0c2/r1c2	82
C823	ref	S2_pcb_B	3211	1604	r1c2	95
C823	ref	S5_sch_3	3929	2873	r1c2/r2c2	69
C824	ref	S5_sch_3	4402	2119	r1c3	29
C825	ref	S5_sch_3	3235	3030	r2c2	65
C826	ref	S5_sch_3	3110	3025	r2c2	82
C827	ref	S5_sch_3	4229	1851	r1c2/r1c3	46
C828	ref	S5_sch_3	4606	1656	r1c3	21
C829	ref	S5_sch_3	4961	2578	r1c3	76
C830	ref	S5_sch_3	4976	2125	r1c3	51
C833	ref	S5_sch_3	4924	1774	r1c3	50
C835	ref	S5_sch_3	5519	2572	r1c3	72
C836	ref	S5_sch_3	5589	1765	r1c3	94
C839	ref	S5_sch_3	3123	899	r0c2	69
C840	ref	S5_sch_3	5883	2358	r1c4	83
C851	ref	S5_sch_3	7390	2569	r1c5	71
C852	ref	S5_sch_3	7333	2568	r1c5	28
C854	ref	S5_sch_3	6728	2677	r1c4	50
C855	ref	S5_sch_3	7104	2683	r1c4/r1c5	42
C856	ref	S5_sch_3	6984	2678	r1c4	57
CN103	ref	S4_sch_2	4967	847	r0c3	82
CN104	ref	S4_sch_2	4615	848	r0c3	61
CN301	ref	S4_sch_2	6067	842	r0c4	23
CN302	ref	S4_sch_2	7481	2345	r1c5	88
CN303	ref	S3_sch_1	8540	3170	r2c5/r2c6	93
CN303	ref	S4_sch_2	927	2814	r1c0/r2c0	73
CN304	ref	S4_sch_2	7477	1328	r0c5	54
CN304	ref	S5_sch_3	2068	1418	r0c1/r1c1	93
CN305	ref	S4_sch_2	7478	1564	r0c5/r1c5	61
CN306	ref	S4_sch_2	7790	840	r0c5	92
CN402	ref	S4_sch_2	934	1391	r0c0	78
CN403	ref	S4_sch_2	929	1678	r1c0	86
CN404	ref	S3_sch_1	8535	2131	r1c5/r1c6	93
CN404	ref	S4_sch_2	931	1965	r1c0	84
CN405	ref	S4_sch_2	932	2251	r1c0	38
CN406	ref	S3_sch_1	8536	2711	r1c5/r1c6	93
CN406	ref	S4_sch_2	931	2539	r1c0	86
CN407	ref	S4_sch_2	7479	2928	r1c5/r2c5	80
CN408	ref	S4_sch_2	7480	1904	r1c5	77
CN452	ref	S4_sch_2	2162	342	r0c1	91
CN452	ref	S5_sch_3	1502	1729	r1c0/r1c1	74
D100	ref	S3_sch_1	2382	427	r0c1	87
D100	ref	S3_sch_1	2530	1233	r0c1	36
D100	ref	S3_sch_1	2612	1344	r0c1	79
D100	ref	S3_sch_1	3480	959	r0c2	84
D100	ref	S5_sch_3	3382	2326	r1c2	38
D102	ref	S4_sch_2	2446	1468	r0c1/r1c1	39
D103	ref	S4_sch_2	3900	1367	r0c2	83
D105	ref	S4_sch_2	1941	574	r0c1	78
D106	ref	S4_sch_2	2441	650	r0c1	28
D405	ref	S4_sch_2	1357	1373	r0c0	36
D406	ref	S4_sch_2	6492	2658	r1c4	95
D602	ref	S3_sch_1	6280	2050	r1c4	51
D623	ref	S3_sch_1	7186	3039	r2c4/r2c5	77
D801	ref	S5_sch_3	5400	735	r0c3	80
D803	ref	S5_sch_3	5991	403	r0c4	84
D806	ref	S5_sch_3	4766	772	r0c3	90
FC601	ref	S1_pcb_A	5511	2395	r1c3	29
FC602	ref	S3_sch_1	7944	1660	r1c5	62
FC603	ref	S1_pcb_A	4783	2446	r1c3	23
FC603	ref	S3_sch_1	7940	1969	r1c5	73
FC604	ref	S3_sch_1	7939	2278	r1c5	91
FC605	ref	S3_sch_1	7941	2588	r1c5	84
FC606	ref	S1_pcb_A	5420	460	r0c3	78
FC606	ref	S3_sch_1	6607	1510	r0c4/r1c4	81
FC607	ref	S1_pcb_A	5050	487	r0c3	52
FC607	ref	S3_sch_1	6028	1512	r0c4/r1c4	74
FL601	ref	S3_sch_1	952	1988	r1c0	92
FL601	ref	S3_sch_1	5284	333	r0c3	54
IC1001	ref	S3_sch_1	3037	1616	r1c2	63
IC102	ref	S6_block	2445	1694	r1c1	79
IC103	ref	S2_pcb_B	1953	654	r0c1	32
IC103	ref	S4_sch_2	1940	508	r0c1	42
IC103	ref	S6_block	4602	1294	r0c3	57
IC104	ref	S2_pcb_B	1649	1036	r0c1	29
IC104	ref	S4_sch_2	3260	1326	r0c2	37
IC106	ref	S6_block	4452	1132	r0c3	68
IC106	ref	S6_block	4855	886	r0c3	45
IC1106	ref	S4_sch_2	1938	1412	r0c1/r1c1	37
IC301	ref	S4_sch_2	4664	1145	r0c3	52
IC302	ref	S2_pcb_B	1010	2101	r1c0	66
IC302	ref	S4_sch_2	4848	2173	r1c3	52
IC303	ref	S2_pcb_B	428	2319	r1c0	60
IC304	ref	S2_pcb_B	504	2986	r1c0/r2c0	64
IC304	ref	S4_sch_2	3513	2330	r1c2	40
IC331	ref	S5_sch_3	1195	728	r0c0	34
IC352	ref	S3_sch_1	4215	1441	r0c2/r0c3/r1c2/r1c3	78
IC352	ref	S3_sch_1	4578	1345	r0c3	27
IC354	ref	S3_sch_1	4828	964	r0c3	78
IC354	ref	S3_sch_1	4835	1646	r1c3	57
IC355	ref	S3_sch_1	4568	2338	r1c3	42
IC355	ref	S3_sch_1	4882	2534	r1c3	58
IC401	ref	S2_pcb_B	1812	1709	r1c1	57
IC401	ref	S4_sch_2	2037	1862	r1c1	34
IC401	ref	S4_sch_2	2399	2330	r1c1	30
IC402	ref	S4_sch_2	1420	1065	r0c0/r0c1	23
IC801	ref	S5_sch_3	4479	416	r0c3	59
IC802	ref	S2_pcb_B	2614	763	r0c1	59
IC802	ref	S6_block	7930	404	r0c5	62
IC803	ref	S2_pcb_B	3391	738	r0c2	76
IC803	ref	S5_sch_3	5004	799	r0c3	27
IC804	ref	S2_pcb_B	3384	920	r0c2	36
IC804	ref	S6_block	7938	603	r0c5	60
IC805	ref	S2_pcb_B	2801	1461	r0c1/r0c2/r1c1/r1c2	56
IC805	ref	S5_sch_3	5828	460	r0c4	71
IC806	ref	S2_pcb_B	2525	1449	r0c1/r1c1	62
IC806	ref	S5_sch_3	5828	626	r0c4	50
IC806	ref	S6_block	7936	793	r0c5	74
IC823	ref	S6_block	7068	2515	r1c4/r1c5	55
IC824	ref	S2_pcb_B	2640	2394	r1c1	41
IC824	ref	S6_block	7305	2132	r1c5	70
IC825	ref	S2_pcb_B	3407	2331	r1c2	76
IC825	ref	S6_block	7301	2521	r1c5	63
IC826	ref	S5_sch_3	4211	2624	r1c2/r1c3	62
IC827	ref	S5_sch_3	4358	1653	r1c2/r1c3	29
IC828	ref	S2_pcb_B	2828	2824	r1c1/r1c2/r2c1/r2c2	71
IC828	ref	S5_sch_3	5183	2474	r1c3	46
IC828	ref	S5_sch_3	5336	3024	r2c3	54
IC828	ref	S6_block	8310	2315	r1c5	74
IC829	ref	S2_pcb_B	3209	2839	r1c2/r2c2	74
IC829	ref	S5_sch_3	5187	1695	r1c3	45
IC829	ref	S5_sch_3	5373	1899	r1c3	41
IC829	ref	S6_block	8304	2706	r1c5	42
IC830	ref	S2_pcb_B	2537	2912	r1c1/r2c1	24
IC830	ref	S5_sch_3	5422	2189	r1c3	63
IC831	ref	S6_block	7842	2346	r1c5	74
IC851	ref	S1_pcb_A	2483	2041	r1c1	41
L010	ref	S4_sch_2	2364	652	r0c1	24
L351	ref	S3_sch_1	4898	2226	r1c3	71
L352	ref	S3_sch_1	4974	1723	r1c3	96
L501	ref	S3_sch_1	5287	1881	r1c3	71
LN66	part	S3_sch_1	3622	997	r0c2	90
MA154WA	part	S3_sch_1	2414	458	r0c1	92
MA154WK	part	S3_sch_1	2714	1374	r0c1	91
MA4082	part	S4_sch_2	1966	601	r0c1	92
MA4082	part	S4_sch_2	6685	910	r0c4	78
MA4082	part	S4_sch_2	6762	1269	r0c4	90
MA4082	part	S4_sch_2	6762	1499	r0c4/r1c4	81
MA4330	part	S4_sch_2	6763	990	r0c4	91
MA4OS5I-M	part	S5_sch_3	4410	769	r0c3	37
MN15261POK	part	S4_sch_2	2097	1885	r1c1	61
MN4416S-12	part	S4_sch_2	3568	2355	r1c2	62
MN6030	part	S3_sch_1	3037	1649	r1c2	91
MN6617S	part	S4_sch_2	4878	2197	r1c3	46
MN74HC74S	part	S3_sch_1	4601	994	r0c3	89
MN74HCOOS	part	S3_sch_1	4882	993	r0c3	90
MN74HCU04S	part	S3_sch_1	4945	2425	r1c3	46
MN74HCUO04S	part	S3_sch_1	4280	1469	r0c2/r0c3/r1c2/r1c3	39
Q100	ref	S3_sch_1	3388	1325	r0c2	91
Q101	ref	S4_sch_2	2513	605	r0c1	54
Q101	ref	S4_sch_2	2681	504	r0c1	78
Q102	ref	S4_sch_2	2897	504	r0c1/r0c2	88
Q103	ref	S6_block	2445	1694	r1c1	79
Q104	ref	S2_pcb_B	1620	822	r0c1	72
Q105	ref	S6_block	2384	1043	r0c1	84
Q106	ref	S4_sch_2	3223	669	r0c2	48
Q106	ref	S6_block	2384	1043	r0c1	84
Q107	ref	S6_block	4639	1023	r0c3	82
Q109	ref	S4_sch_2	2910	1379	r0c1/r0c2	38
Q111	ref	S4_sch_2	6400	2245	r1c4	49
Q301	ref	S4_sch_2	1784	3010	r2c1	91
Q301	ref	S4_sch_2	1836	2771	r1c1	92
Q331	ref	S5_sch_3	1324	691	r0c0	39
Q351	ref	S1_pcb_A	5480	3061	r2c3	30
Q351	ref	S3_sch_1	4333	1785	r1c2/r1c3	25
Q401	ref	S2_pcb_B	1866	2519	r1c1	41
Q402	ref	S2_pcb_B	1829	2835	r1c1/r2c1	91
Q402	ref	S4_sch_2	1626	1809	r1c1	91
Q402	ref	S4_sch_2	1630	2157	r1c1	88
Q402	ref	S6_block	3476	904	r0c2	90
Q403	ref	S2_pcb_B	1695	2691	r1c1	92
Q403	ref	S4_sch_2	1683	2331	r1c1	90
Q404	ref	S4_sch_2	1609	2629	r1c1	90
Q405	ref	S4_sch_2	6552	2623	r1c4	88
Q405	ref	S4_sch_2	7033	2609	r1c4/r1c5	92
Q405	ref	S6_block	5959	287	r0c4	32
Q406	ref	S4_sch_2	6555	2798	r1c4	80
Q407	ref	S4_sch_2	6550	2858	r1c4/r2c4	85
Q408	ref	S4_sch_2	7030	2764	r1c4/r1c5	73
Q409	ref	S4_sch_2	6685	2774	r1c4	79
Q410	ref	S4_sch_2	6722	2935	r1c4/r2c4	65
Q411	ref	S4_sch_2	6735	1990	r1c4	68
Q411	ref	S4_sch_2	6937	1988	r1c4	26
Q411	ref	S6_block	3945	1397	r0c2	38
Q412	ref	S4_sch_2	7004	2386	r1c4/r1c5	54
Q412	ref	S4_sch_2	7071	2345	r1c4/r1c5	46
Q413	ref	S4_sch_2	6559	2324	r1c4	87
Q413	ref	S4_sch_2	6906	2325	r1c4	55
Q414	ref	S2_pcb_B	2107	2685	r1c1	84
Q414	ref	S4_sch_2	2695	2697	r1c1	82
Q414	ref	S6_block	2893	2123	r1c1/r1c2	59
Q452	ref	S1_pcb_A	1252	3117	r2c0	87
Q453	ref	S5_sch_3	1131	1708	r1c0	90
Q454	ref	S5_sch_3	472	1957	r1c0	78
Q454	ref	S5_sch_3	506	1760	r1c0	82
Q455	ref	S5_sch_3	937	2238	r1c0	91
Q455	ref	S5_sch_3	1055	2444	r1c0	86
Q456	ref	S5_sch_3	1218	2312	r1c0	87
Q457	ref	S1_pcb_A	1582	3000	r2c0/r2c1	93
Q457	ref	S5_sch_3	1155	2129	r1c0	90
Q458	ref	S5_sch_3	749	1874	r1c0	83
Q459	ref	S1_pcb_A	1411	2789	r1c0/r1c1	92
Q459	ref	S5_sch_3	1147	1963	r1c0	89
Q460	ref	S1_pcb_A	1963	3110	r2c1	92
Q460	ref	S5_sch_3	526	2279	r1c0	85
Q460	ref	S5_sch_3	608	2443	r1c0	92
Q602	ref	S3_sch_1	6611	2645	r1c4	79
Q603	ref	S1_pcb_A	4093	836	r0c2	92
Q603	ref	S3_sch_1	6612	2785	r1c4	93
Q604	ref	S1_pcb_A	916	1029	r0c0	91
Q604	ref	S3_sch_1	7047	793	r0c4/r0c5	75
Q616	ref	S1_pcb_A	3019	1047	r0c2	80
Q617	ref	S1_pcb_A	3009	939	r0c2	63
Q618	ref	S1_pcb_A	471	990	r0c0	87
Q619	ref	S1_pcb_A	3366	1055	r0c2	75
Q691	ref	S2_pcb_B	3778	2089	r1c2	53
Q821	ref	S5_sch_3	2847	621	r0c1/r0c2	30
Q822	ref	S5_sch_3	2794	875	r0c1	88
Q822	ref	S6_block	8266	2828	r1c5/r2c5	87
R100	ref	S3_sch_1	3307	798	r0c2	93
R102	ref	S4_sch_2	1943	879	r0c1	48
R103	ref	S4_sch_2	1982	749	r0c1	80
R104	ref	S2_pcb_B	364	1764	r1c0	53
R104	ref	S4_sch_2	2031	698	r0c1	75
R106	ref	S4_sch_2	2371	524	r0c1	31
R107	ref	S4_sch_2	2385	591	r0c1	64
R109	ref	S4_sch_2	2033	1072	r0c1	60
R110	ref	S4_sch_2	2186	1191	r0c1	31
R116	ref	S4_sch_2	2586	913	r0c1	36
R119	ref	S4_sch_2	2964	761	r0c1/r0c2	54
R120	ref	S4_sch_2	3091	696	r0c2	78
R122	ref	S4_sch_2	3248	795	r0c2	44
R124	ref	S4_sch_2	3292	691	r0c2	68
R125	ref	S4_sch_2	3422	621	r0c2	31
R126	ref	S2_pcb_B	1449	767	r0c0/r0c1	57
R126	ref	S4_sch_2	3457	645	r0c2	46
R128	ref	S2_pcb_B	1508	871	r0c0/r0c1	68
R129	ref	S4_sch_2	3615	552	r0c2	25
R130	ref	S4_sch_2	3743	687	r0c2	62
R132	ref	S4_sch_2	3809	569	r0c2	86
R133	ref	S4_sch_2	3862	680	r0c2	34
R134	ref	S2_pcb_B	1727	840	r0c1	39
R134	ref	S4_sch_2	2912	1027	r0c1/r0c2	25
R135	ref	S4_sch_2	3153	1092	r0c2	74
R136	ref	S2_pcb_B	1558	1038	r0c0/r0c1	51
R136	ref	S4_sch_2	3424	1132	r0c2	82
R138	ref	S4_sch_2	3579	1094	r0c2	60
R139	ref	S4_sch_2	3630	1094	r0c2	90
R140	ref	S4_sch_2	3744	1069	r0c2	90
R143	ref	S4_sch_2	3898	1140	r0c2	72
R145	ref	S4_sch_2	2636	1483	r0c1/r1c1	51
R148	ref	S4_sch_2	3513	1800	r1c2	64
R149	ref	S4_sch_2	3665	1422	r0c2/r1c2	75
R152	ref	S4_sch_2	3967	1538	r0c2/r1c2	88
R153	ref	S4_sch_2	3689	1753	r1c2	37
R154	ref	S4_sch_2	3772	1819	r1c2	85
R155	ref	S4_sch_2	3967	1703	r1c2	87
R157	ref	S4_sch_2	4025	2155	r1c2	75
R159	ref	S4_sch_2	5516	1470	r0c3/r1c3	69
R162	ref	S4_sch_2	5467	1227	r0c3	67
R163	ref	S4_sch_2	5468	1191	r0c3	73
R164	ref	S4_sch_2	5616	1264	r0c3/r0c4	36
R165	ref	S4_sch_2	5741	1300	r0c3/r0c4	86
R166	ref	S4_sch_2	5604	1128	r0c3/r0c4	79
R168	ref	S4_sch_2	5819	1127	r0c4	27
R169	ref	S4_sch_2	5814	1172	r0c4	41
R170	ref	S4_sch_2	6185	1823	r1c4	73
R172	ref	S4_sch_2	6161	1517	r0c4/r1c4	85
R173	ref	S4_sch_2	6159	1478	r0c4/r1c4	78
R175	ref	S4_sch_2	6411	759	r0c4	22
R176	ref	S4_sch_2	5115	1428	r0c3/r1c3	81
R178	ref	S4_sch_2	4527	898	r0c3	57
R179	ref	S2_pcb_B	813	2967	r1c0/r2c0	74
R204	ref	S2_pcb_B	1003	2539	r1c0	66
R206	ref	S4_sch_2	4338	599	r0c2/r0c3	58
R301	ref	S4_sch_2	4317	2449	r1c2/r1c3	75
R302	ref	S2_pcb_B	1409	2495	r1c0/r1c1	84
R303	ref	S4_sch_2	4397	2506	r1c2/r1c3	96
R304	ref	S4_sch_2	4398	2329	r1c2/r1c3	95
R305	ref	S2_pcb_B	1015	2579	r1c0	96
R306	ref	S4_sch_2	4938	1777	r1c3	97
R307	ref	S4_sch_2	4782	1369	r0c3	95
R308	ref	S4_sch_2	4290	434	r0c2/r0c3	87
R332	ref	S5_sch_3	777	820	r0c0	96
R333	ref	S5_sch_3	1005	715	r0c0	74
R334	ref	S5_sch_3	1076	697	r0c0	62
R335	ref	S5_sch_3	1198	1004	r0c0	68
R336	ref	S5_sch_3	775	901	r0c0	94
R351	ref	S3_sch_1	4638	1649	r1c3	82
R352	ref	S3_sch_1	4204	2858	r1c2/r1c3/r2c2/r2c3	96
R353	ref	S3_sch_1	4296	2776	r1c2/r1c3	76
R354	ref	S1_pcb_A	6232	2953	r1c4/r2c4	84
R354	ref	S3_sch_1	4729	2293	r1c3	81
R355	ref	S1_pcb_A	5595	3000	r2c3	42
R355	ref	S3_sch_1	4650	2011	r1c3	95
R356	ref	S3_sch_1	4648	2247	r1c3	94
R358	ref	S3_sch_1	4341	1234	r0c2/r0c3	90
R359	ref	S3_sch_1	4372	1891	r1c2/r1c3	95
R360	ref	S3_sch_1	4807	1811	r1c3	97
R361	ref	S3_sch_1	4726	1897	r1c3	83
R362	ref	S3_sch_1	4729	2684	r1c3	89
R363	ref	S3_sch_1	4678	2594	r1c3	84
R364	ref	S3_sch_1	4660	2513	r1c3	95
R366	ref	S3_sch_1	4447	2367	r1c3	96
R367	ref	S3_sch_1	4372	2366	r1c2/r1c3	96
R368	ref	S3_sch_1	4406	2692	r1c3	95
R370	ref	S1_pcb_A	6359	2723	r1c4	94
R370	ref	S3_sch_1	4490	1232	r0c3	96
R372	ref	S3_sch_1	4298	1692	r1c2/r1c3	95
R373	ref	S1_pcb_A	5760	2927	r1c3/r1c4/r2c3/r2c4	20
R373	ref	S3_sch_1	4817	1739	r1c3	77
R374	ref	S3_sch_1	4830	1274	r0c3	95
R375	ref	S3_sch_1	4943	713	r0c3	54
R376	ref	S3_sch_1	5082	1211	r0c3	96
R401	ref	S4_sch_2	1239	848	r0c0	91
R402	ref	S4_sch_2	1144	1205	r0c0	93
R403	ref	S4_sch_2	1146	1237	r0c0	83
R404	ref	S4_sch_2	1146	1269	r0c0	89
R405	ref	S2_pcb_B	1556	1464	r0c0/r0c1/r1c0/r1c1	90
R406	ref	S4_sch_2	2143	2641	r1c1	94
R407	ref	S2_pcb_B	1597	2279	r1c0/r1c1	94
R407	ref	S4_sch_2	2024	2778	r1c1	96
R408	ref	S2_pcb_B	1595	2239	r1c0/r1c1	94
R408	ref	S4_sch_2	2137	2777	r1c1	94
R409	ref	S4_sch_2	2713	2216	r1c1	96
R410	ref	S4_sch_2	2712	2245	r1c1	92
R412	ref	S4_sch_2	2749	2313	r1c1	95
R413	ref	S2_pcb_B	1597	2064	r1c0/r1c1	58
R413	ref	S4_sch_2	2750	2339	r1c1	90
R414	ref	S4_sch_2	2750	2365	r1c1	90
R415	ref	S4_sch_2	2622	2405	r1c1	32
R419	ref	S4_sch_2	6614	2542	r1c4	79
R420	ref	S4_sch_2	6616	2715	r1c4	97
R422	ref	S4_sch_2	6757	2514	r1c4	95
R423	ref	S2_pcb_B	1568	1786	r1c0/r1c1	49
R423	ref	S4_sch_2	6757	2691	r1c4	78
R424	ref	S2_pcb_B	1192	2954	r1c0/r2c0	94
R424	ref	S4_sch_2	6757	2865	r1c4/r2c4	96
R425	ref	S2_pcb_B	1104	2777	r1c0	92
R425	ref	S2_pcb_B	1191	2820	r1c0/r2c0	80
R425	ref	S4_sch_2	6904	2517	r1c4	78
R426	ref	S2_pcb_B	729	839	r0c0	81
R426	ref	S4_sch_2	6901	2691	r1c4	95
R427	ref	S4_sch_2	6906	2864	r1c4/r2c4	93
R428	ref	S4_sch_2	5256	1811	r1c3	92
R429	ref	S4_sch_2	2952	1914	r1c1/r1c2	96
R430	ref	S4_sch_2	4697	1580	r0c3/r1c3	89
R431	ref	S4_sch_2	4484	1613	r1c3	88
R432	ref	S4_sch_2	6236	1698	r1c4	93
R433	ref	S4_sch_2	1225	2680	r1c0	95
R434	ref	S4_sch_2	7038	2266	r1c4/r1c5	44
R436	ref	S4_sch_2	7149	2208	r1c4/r1c5	94
R437	ref	S2_pcb_B	695	926	r0c0	94
R438	ref	S2_pcb_B	767	838	r0c0	92
R440	ref	S4_sch_2	2038	2326	r1c1	95
R447	ref	S4_sch_2	1834	2489	r1c1	94
R451	ref	S5_sch_3	416	1687	r1c0	81
R454	ref	S1_pcb_A	1244	2775	r1c0	92
R454	ref	S5_sch_3	978	1582	r0c0/r1c0	96
R455	ref	S5_sch_3	1076	2251	r1c0	93
R456	ref	S5_sch_3	1205	2252	r1c0	83
R457	ref	S1_pcb_A	1608	2882	r1c1/r2c1	93
R457	ref	S5_sch_3	1155	2077	r1c0	87
R458	ref	S5_sch_3	831	2339	r1c0	95
R501	ref	S3_sch_1	5694	1947	r1c3/r1c4	87
R502	ref	S3_sch_1	5688	1843	r1c3/r1c4	96
R602	ref	S1_pcb_A	4378	1897	r1c2/r1c3	23
R602	ref	S3_sch_1	6823	2462	r1c4	94
R603	ref	S3_sch_1	6908	2458	r1c4	94
R604	ref	S1_pcb_A	4136	972	r0c2	75
R605	ref	S3_sch_1	7504	2858	r1c5/r2c5	96
R607	ref	S3_sch_1	7176	2429	r1c4/r1c5	94
R609	ref	S3_sch_1	7179	2595	r1c4/r1c5	31
R610	ref	S3_sch_1	7443	496	r0c5	55
R611	ref	S3_sch_1	7720	705	r0c5	25
R612	ref	S3_sch_1	7073	2799	r1c4/r1c5	59
R627	ref	S5_sch_3	4802	2580	r1c3	56
R802	ref	S5_sch_3	4820	700	r0c3	47
R804	ref	S5_sch_3	4824	976	r0c3	52
R821	ref	S5_sch_3	4717	2466	r1c3	78
R825	ref	S5_sch_3	4816	2466	r1c3	78
R826	ref	S5_sch_3	4820	1692	r1c3	67
R828	ref	S5_sch_3	4800	1801	r1c3	83
R829	ref	S5_sch_3	4963	2663	r1c3	79
R832	ref	S5_sch_3	5396	1683	r1c3	88
R837	ref	S5_sch_3	5470	2585	r1c3	73
R838	ref	S5_sch_3	5470	1799	r1c3	63
R839	ref	S5_sch_3	5525	2488	r1c3	95
R840	ref	S5_sch_3	5531	1684	r1c3	93
R845	ref	S2_pcb_B	3493	2700	r1c2	35
R845	ref	S5_sch_3	5599	1653	r1c3	38
R846	ref	S5_sch_3	5598	2456	r1c3	68
R851	ref	S5_sch_3	6830	2568	r1c4	76
R852	ref	S5_sch_3	7162	2566	r1c4/r1c5	84
R853	ref	S1_pcb_A	2256	2033	r1c1	66
R854	ref	S1_pcb_A	2410	2176	r1c1	80
R855	ref	S1_pcb_A	1837	2149	r1c1	89
R855	ref	S5_sch_3	7308	2407	r1c5	78
R856	ref	S1_pcb_A	2378	2016	r1c1	51
R856	ref	S5_sch_3	7285	2498	r1c5	76
R857	ref	S1_pcb_A	2087	2111	r1c1	90
R857	ref	S5_sch_3	6590	2592	r1c4	52
R861	ref	S1_pcb_A	2142	2113	r1c1	54
R892	ref	S2_pcb_B	4181	1925	r1c2	44
R892	ref	S5_sch_3	6555	2979	r1c4/r2c4	59
R896	ref	S5_sch_3	6982	2955	r1c4/r2c4	85
S199	ref	S4_sch_2	2334	1097	r0c1	35
S210	ref	S4_sch_2	5907	2344	r1c4	69
S601	ref	S3_sch_1	6140	2117	r1c4	73
S602	ref	S3_sch_1	6140	2200	r1c4	55
S603	ref	S3_sch_1	6248	2109	r1c4	75
S614	ref	S1_pcb_A	5415	1650	r1c3	80
S614	ref	S3_sch_1	6575	2278	r1c4	79
S623	ref	S3_sch_1	7028	2286	r1c4/r1c5	56
S879	ref	S4_sch_2	7149	939	r0c4/r0c5	91
T011	ref	S4_sch_2	5610	752	r0c3/r0c4	46
T160	ref	S5_sch_3	7048	1572	r0c4/r0c5/r1c4/r1c5	64
T195	ref	S6_block	430	392	r0c0	28
TJ101	ref	S4_sch_2	6269	1443	r0c4/r1c4	83
TJ306	ref	S4_sch_2	5800	2195	r1c4	84
UN1231	part	S3_sch_1	3391	1358	r0c2	92
UN4112	part	S3_sch_1	6090	2863	r1c4/r2c4	75
UN4112	part	S3_sch_1	7595	367	r0c5	58
UN4112	part	S4_sch_2	1807	3038	r2c1	81
UN4112	part	S5_sch_3	633	2475	r1c0	81
UN4112	part	S5_sch_3	1154	1736	r1c0	74
UN4112	part	S5_sch_3	1169	1992	r1c0	57
UN4112	part	S5_sch_3	1180	909	r0c0	77
UN4114	part	S4_sch_2	6760	2014	r1c4	82
UN4114	part	S5_sch_3	2874	653	r0c1/r0c2	69
UN4212	part	S3_sch_1	7038	826	r0c4/r0c5	89
UN4212	part	S4_sch_2	2719	2721	r1c1	89
UN4212	part	S4_sch_2	2796	1573	r0c1/r1c1	91
UN4212	part	S4_sch_2	6325	2436	r1c4	80
UN4212	part	S5_sch_3	772	1904	r1c0	63
UN4212	part	S5_sch_3	858	2475	r1c0	89
UN4212	part	S5_sch_3	948	1819	r1c0	89
UN4212	part	S5_sch_3	1081	2476	r1c0	90
UN4212	part	S5_sch_3	1183	2157	r1c0	89
UN4214	part	S4_sch_2	1441	1834	r1c0/r1c1	89
UN4214	part	S5_sch_3	496	1984	r1c0	83
UN4I14	part	S5_sch_3	6934	3137	r2c4	24
VR101	ref	S4_sch_2	5658	1161	r0c3/r0c4	36
VR102	ref	S4_sch_2	6342	1542	r0c4/r1c4	87
VR103	ref	S4_sch_2	6330	1162	r0c4	88
VR105	ref	S4_sch_2	5618	1762	r1c3/r1c4	59
VR301	ref	S4_sch_2	4830	1446	r0c3/r1c3	49
VR851	ref	S6_block	8216	1611	r1c5	38
X100	ref	S1_pcb_A	6521	1680	r1c4	66
X100	ref	S3_sch_1	3356	1467	r0c2/r1c2	92
X351	ref	S3_sch_1	4361	1149	r0c2/r0c3	65
